customer_id,tenure_months,monthly_spend_eur,logins_30d,content_completions_30d,support_tickets_90d,satisfaction_score,payment_delays_12m,days_since_last_activity,plan_type,acquisition_channel,region,churned,churn_probability,risk_band,recommended_action
SP-00233,2,43.85,5,5,1,4.0,0,70,Professional,Referral,United Kingdom,1,0.986647433458754,Critical,Urgent retention call and tailored offer
SP-00808,7,215.45,8,7,1,2.5,3,53,Professional,Organic,Germany,1,0.9758304870316585,Critical,Urgent retention call and tailored offer
SP-00175,42,64.46,3,3,4,3.0,1,40,Basic,Organic,Germany,1,0.9714578670090837,Critical,Urgent retention call and tailored offer
SP-01947,10,112.89,8,1,1,4.2,1,61,Professional,Organic,Germany,1,0.9672303696261334,Critical,Urgent retention call and tailored offer
SP-00262,11,78.1,2,2,4,2.3,1,25,Enterprise,Organic,Germany,1,0.9626326269297802,Critical,Urgent retention call and tailored offer
SP-02068,55,85.37,6,6,5,2.6,1,37,Basic,Referral,Germany,0,0.9554485670558358,Critical,Urgent retention call and tailored offer
SP-00630,22,34.61,8,4,2,2.9,4,28,Professional,Referral,Germany,1,0.9540688067095836,Critical,Urgent retention call and tailored offer
SP-01478,24,47.38,7,1,2,2.7,2,38,Enterprise,Referral,Portugal,1,0.9528098911892756,Critical,Urgent retention call and tailored offer
SP-01854,10,96.09,7,6,4,3.7,0,43,Basic,Referral,United Kingdom,1,0.9517551484886959,Critical,Urgent retention call and tailored offer
SP-01836,9,110.95,8,3,4,3.5,3,26,Basic,Referral,Germany,1,0.950518941821769,Critical,Urgent retention call and tailored offer
SP-00026,39,116.74,4,4,0,1.9,1,42,Basic,Organic,United Kingdom,1,0.9423216695120676,Critical,Urgent retention call and tailored offer
SP-01543,6,80.09,11,5,3,3.1,0,43,Professional,Paid,Germany,1,0.9347338675504124,Critical,Urgent retention call and tailored offer
SP-01924,27,51.91,5,1,2,3.4,1,35,Basic,Organic,Germany,0,0.9315389678704078,Critical,Urgent retention call and tailored offer
SP-00041,10,71.55,7,3,4,3.1,0,33,Enterprise,Referral,United Kingdom,0,0.9294205146634661,Critical,Urgent retention call and tailored offer
SP-01400,18,73.94,8,1,2,2.8,2,26,Basic,Partner,Germany,1,0.9291121263494319,Critical,Urgent retention call and tailored offer
SP-02297,11,75.21,4,4,5,2.4,0,17,Professional,Organic,Portugal,0,0.9283872192207103,Critical,Urgent retention call and tailored offer
SP-01294,1,44.32,12,1,2,3.0,1,30,Basic,Partner,Germany,0,0.9280083925155034,Critical,Urgent retention call and tailored offer
SP-00346,16,51.07,4,6,2,3.7,1,40,Basic,Paid,United Kingdom,1,0.9275800686776967,Critical,Urgent retention call and tailored offer
SP-01536,2,99.49,7,3,0,2.1,1,32,Professional,Organic,Germany,0,0.9262047900713073,Critical,Urgent retention call and tailored offer
SP-00462,9,96.52,8,6,4,3.5,3,24,Professional,Referral,Germany,0,0.9258309499824868,Critical,Urgent retention call and tailored offer
SP-01603,50,82.65,4,6,1,2.2,2,36,Basic,Organic,Germany,1,0.923291434095262,Critical,Urgent retention call and tailored offer
SP-00730,40,103.22,9,3,1,3.4,0,57,Professional,Organic,Germany,1,0.920013644570852,Critical,Urgent retention call and tailored offer
SP-00664,13,100.05,9,6,3,1.6,2,15,Basic,Referral,Germany,0,0.9173643757484866,Critical,Urgent retention call and tailored offer
SP-01684,48,22.65,6,1,1,4.4,3,42,Basic,Organic,Germany,1,0.9100200614530384,Critical,Urgent retention call and tailored offer
SP-02129,4,134.35,3,4,1,1.9,1,23,Professional,Organic,Portugal,1,0.9091371227244447,Critical,Urgent retention call and tailored offer
SP-01436,7,71.51,6,5,1,3.4,1,37,Professional,Organic,United Kingdom,1,0.908168168389653,Critical,Urgent retention call and tailored offer
SP-02016,20,35.45,8,2,1,3.1,1,35,Professional,Organic,Germany,0,0.9071822608678315,Critical,Urgent retention call and tailored offer
SP-00518,4,111.34,7,3,1,3.7,2,34,Basic,Referral,Germany,1,0.9055659505700282,Critical,Urgent retention call and tailored offer
SP-01559,60,62.21,9,3,2,3.3,1,48,Basic,Paid,United Kingdom,0,0.9037635257791192,Critical,Urgent retention call and tailored offer
SP-00890,17,159.55,1,4,2,2.7,3,16,Basic,Organic,United Kingdom,1,0.903492965068858,Critical,Urgent retention call and tailored offer
SP-00738,21,36.53,8,2,2,3.6,0,37,Basic,Organic,United Kingdom,0,0.8991795322481315,Critical,Urgent retention call and tailored offer
SP-02423,7,59.76,5,3,1,3.8,3,25,Basic,Referral,Germany,1,0.8990527180260116,Critical,Urgent retention call and tailored offer
SP-00143,17,52.38,3,4,3,2.0,0,17,Basic,Paid,Portugal,1,0.8963206898501952,Critical,Urgent retention call and tailored offer
SP-00501,7,64.06,10,4,4,2.4,0,18,Basic,Referral,Germany,0,0.8956736516363775,Critical,Urgent retention call and tailored offer
SP-00074,8,68.15,5,2,1,3.7,1,33,Professional,Partner,Germany,0,0.8947655199830307,Critical,Urgent retention call and tailored offer
SP-02484,20,40.81,6,3,1,2.9,0,34,Professional,Organic,United Kingdom,1,0.8934538049294006,Critical,Urgent retention call and tailored offer
SP-01263,27,112.49,7,2,1,3.3,3,29,Basic,Referral,United Kingdom,0,0.8931427548002185,Critical,Urgent retention call and tailored offer
SP-00625,37,70.14,8,3,2,3.7,1,41,Professional,Partner,Germany,1,0.887353651430906,Critical,Urgent retention call and tailored offer
SP-01226,59,176.79,6,2,2,1.0,2,19,Basic,Organic,Germany,1,0.8828160953576735,Critical,Urgent retention call and tailored offer
SP-01683,3,103.89,9,5,2,3.8,0,46,Enterprise,Partner,United Kingdom,1,0.8821123756682585,Critical,Urgent retention call and tailored offer
SP-00606,33,84.01,11,3,2,3.0,0,43,Professional,Organic,Portugal,1,0.8799763014475133,Critical,Urgent retention call and tailored offer
SP-01074,32,54.39,3,4,2,2.8,0,30,Basic,Paid,Germany,0,0.8794089738477895,Critical,Urgent retention call and tailored offer
SP-01864,23,95.04,5,6,0,3.6,3,38,Basic,Paid,Germany,0,0.8780454139438427,Critical,Urgent retention call and tailored offer
SP-00138,2,59.7,4,3,2,2.6,0,17,Professional,Referral,United Kingdom,1,0.8780062218214875,Critical,Urgent retention call and tailored offer
SP-00469,11,58.73,7,1,2,2.7,2,12,Basic,Referral,Germany,0,0.8750617682190105,Critical,Urgent retention call and tailored offer
SP-01117,60,180.98,10,4,5,4.1,1,45,Basic,Referral,Germany,1,0.87434712842583,Critical,Urgent retention call and tailored offer
SP-00656,32,82.15,5,2,1,2.7,0,33,Professional,Organic,United Kingdom,0,0.873529661235478,Critical,Urgent retention call and tailored offer
SP-00641,41,80.37,14,3,2,3.2,1,43,Professional,Referral,Germany,1,0.8719176826173917,Critical,Urgent retention call and tailored offer
SP-00628,23,96.86,7,1,0,2.5,2,24,Basic,Referral,United Kingdom,1,0.8698179217325377,Critical,Urgent retention call and tailored offer
SP-01739,1,81.04,11,1,2,2.8,1,23,Professional,Organic,Portugal,0,0.8697348017763807,Critical,Urgent retention call and tailored offer
SP-00387,5,60.82,5,3,1,2.9,2,18,Professional,Organic,Germany,1,0.8694490301215791,Critical,Urgent retention call and tailored offer
SP-01089,40,42.9,9,2,1,2.9,0,39,Professional,Referral,Germany,0,0.8676073390766759,Critical,Urgent retention call and tailored offer
SP-00083,10,98.32,4,3,1,3.1,1,26,Professional,Organic,United Kingdom,1,0.8674925495487652,Critical,Urgent retention call and tailored offer
SP-01178,12,48.94,7,6,2,1.7,0,20,Professional,Paid,Germany,1,0.8674462691250705,Critical,Urgent retention call and tailored offer
SP-00413,17,95.56,8,6,2,2.3,0,27,Basic,Partner,United Kingdom,0,0.8659548929049854,Critical,Urgent retention call and tailored offer
SP-01334,49,48.44,5,5,1,4.5,0,55,Basic,Referral,Germany,0,0.8654312296387972,Critical,Urgent retention call and tailored offer
SP-00073,28,102.44,3,0,2,4.5,0,41,Professional,Referral,Portugal,1,0.8652716327580284,Critical,Urgent retention call and tailored offer
SP-01221,39,71.59,8,3,5,3.2,0,25,Professional,Organic,Germany,1,0.8646854485216172,Critical,Urgent retention call and tailored offer
SP-00767,37,69.26,7,3,3,4.3,2,38,Enterprise,Referral,United Kingdom,0,0.8630267702607111,Critical,Urgent retention call and tailored offer
SP-00165,26,76.56,8,2,3,1.6,0,21,Enterprise,Organic,Portugal,1,0.8624325725427057,Critical,Urgent retention call and tailored offer
SP-02486,22,95.24,6,4,2,2.2,2,14,Professional,Referral,United Kingdom,1,0.860846572812114,Critical,Urgent retention call and tailored offer
SP-02341,26,74.91,8,0,1,3.1,0,37,Basic,Paid,Portugal,0,0.8603744594917764,Critical,Urgent retention call and tailored offer
SP-00380,16,163.58,4,5,1,2.9,1,32,Professional,Organic,Germany,1,0.8601022119486682,Critical,Urgent retention call and tailored offer
SP-01584,25,42.8,8,4,5,3.2,0,19,Professional,Referral,Germany,1,0.8587744370640966,Critical,Urgent retention call and tailored offer
SP-00981,36,39.02,6,1,1,2.2,0,24,Basic,Referral,Germany,0,0.858569569319217,Critical,Urgent retention call and tailored offer
SP-00961,10,51.89,9,3,3,2.1,0,12,Basic,Referral,United Kingdom,1,0.8574041572362792,Critical,Urgent retention call and tailored offer
SP-00249,48,31.13,7,7,3,3.9,1,41,Professional,Paid,United Kingdom,1,0.8562749797948673,Critical,Urgent retention call and tailored offer
SP-00031,28,72.15,8,4,0,2.7,1,35,Basic,Organic,Germany,0,0.8556070898213208,Critical,Urgent retention call and tailored offer
SP-00534,18,102.13,3,3,4,2.8,1,8,Basic,Organic,United Kingdom,0,0.8534843231837107,Critical,Urgent retention call and tailored offer
SP-00279,4,74.16,8,0,1,4.0,1,31,Professional,Organic,Germany,1,0.8508793635189948,Critical,Urgent retention call and tailored offer
SP-00287,10,136.96,7,4,1,3.2,0,46,Enterprise,Paid,Portugal,0,0.8501298830865416,Critical,Urgent retention call and tailored offer
SP-00045,5,86.51,6,2,1,3.5,1,25,Basic,Partner,United Kingdom,0,0.8480463037339437,Critical,Urgent retention call and tailored offer
SP-00363,14,59.91,10,6,1,3.7,2,35,Professional,Partner,Germany,0,0.8473045640940603,Critical,Urgent retention call and tailored offer
SP-01497,34,96.48,6,2,1,3.9,2,35,Professional,Organic,United Kingdom,0,0.8460505273295662,Critical,Urgent retention call and tailored offer
SP-02401,1,93.56,6,4,3,2.8,0,16,Basic,Organic,Germany,0,0.8451579462585989,Critical,Urgent retention call and tailored offer
SP-01582,13,101.7,8,4,0,1.5,0,24,Professional,Partner,United Kingdom,0,0.8450440417673912,Critical,Urgent retention call and tailored offer
SP-00443,8,94.09,13,2,2,3.6,0,39,Professional,Paid,Germany,0,0.8446331527173149,Critical,Urgent retention call and tailored offer
SP-02008,10,76.61,12,2,1,2.4,3,14,Basic,Partner,Germany,0,0.8446248619257196,Critical,Urgent retention call and tailored offer
SP-01055,5,74.09,6,0,1,2.8,1,17,Basic,Paid,United Kingdom,1,0.8441583067756504,Critical,Urgent retention call and tailored offer
SP-00281,17,164.14,8,5,2,3.6,3,29,Basic,Organic,Portugal,1,0.8441515147340938,Critical,Urgent retention call and tailored offer
SP-00532,10,138.12,4,7,3,2.8,0,26,Basic,Paid,Portugal,1,0.8440199261741287,Critical,Urgent retention call and tailored offer
SP-02193,18,42.63,3,4,4,3.7,2,12,Professional,Organic,Portugal,1,0.843483791042861,Critical,Urgent retention call and tailored offer
SP-00902,3,66.41,6,3,3,2.4,0,9,Basic,Referral,Germany,0,0.842451815433607,Critical,Urgent retention call and tailored offer
SP-02317,6,71.92,4,5,3,3.4,0,20,Basic,Partner,Germany,1,0.8419037995309696,Critical,Urgent retention call and tailored offer
SP-00086,43,24.45,7,3,4,4.3,2,27,Professional,Partner,Portugal,0,0.8415929711532555,Critical,Urgent retention call and tailored offer
SP-00221,8,99.28,8,2,3,2.1,1,7,Professional,Referral,Germany,0,0.839739890165293,Critical,Urgent retention call and tailored offer
SP-00704,11,63.11,5,3,1,3.7,1,27,Basic,Organic,United Kingdom,0,0.8394173485872246,Critical,Urgent retention call and tailored offer
SP-01679,56,98.12,7,3,3,5.0,2,44,Basic,Organic,Germany,1,0.8370772175905705,Critical,Urgent retention call and tailored offer
SP-02092,20,64.77,9,2,3,2.4,1,12,Basic,Organic,Germany,1,0.8368489241492789,Critical,Urgent retention call and tailored offer
SP-02050,40,122.85,12,0,2,2.6,1,29,Basic,Organic,Germany,1,0.8365167981794343,Critical,Urgent retention call and tailored offer
SP-00536,10,124.94,8,3,4,4.5,0,32,Professional,Referral,United Kingdom,1,0.8363767077228237,Critical,Urgent retention call and tailored offer
SP-01328,6,49.85,6,3,0,3.5,0,32,Basic,Referral,United Kingdom,0,0.8352086706056568,Critical,Urgent retention call and tailored offer
SP-02200,11,66.48,11,3,0,3.3,0,41,Basic,Paid,United Kingdom,1,0.8348623141939601,Critical,Urgent retention call and tailored offer
SP-01456,4,62.47,8,3,1,3.1,2,26,Enterprise,Paid,United Kingdom,1,0.8330185668121942,Critical,Urgent retention call and tailored offer
SP-00507,32,103.22,10,4,4,3.6,2,29,Enterprise,Organic,United Kingdom,0,0.8285482954425003,Critical,Urgent retention call and tailored offer
SP-02409,28,41.18,5,4,3,3.7,0,32,Enterprise,Referral,United Kingdom,0,0.8283595679190223,Critical,Urgent retention call and tailored offer
SP-00856,51,121.49,4,5,1,2.3,1,31,Professional,Organic,Germany,0,0.8277848196121432,Critical,Urgent retention call and tailored offer
SP-01740,13,106.29,8,4,0,2.2,2,19,Basic,Referral,United Kingdom,0,0.8266841880677822,Critical,Urgent retention call and tailored offer
SP-00871,28,33.18,4,3,4,2.5,0,8,Professional,Organic,United Kingdom,0,0.8265615225776388,Critical,Urgent retention call and tailored offer
SP-00662,45,41.53,6,3,1,2.5,0,30,Professional,Partner,Germany,0,0.8256252675108187,Critical,Urgent retention call and tailored offer
SP-00687,25,147.39,8,1,1,4.5,0,50,Basic,Organic,Portugal,0,0.8253885772751689,Critical,Urgent retention call and tailored offer
SP-01680,31,116.54,11,6,2,2.1,2,22,Basic,Organic,Germany,0,0.8250676246543382,Critical,Urgent retention call and tailored offer
SP-00150,4,89.39,8,11,0,4.0,2,41,Basic,Referral,United Kingdom,0,0.824054384054385,Critical,Urgent retention call and tailored offer
SP-00248,25,78.96,7,5,1,3.4,0,37,Basic,Referral,Germany,1,0.8232666380166523,Critical,Urgent retention call and tailored offer
SP-00908,11,94.72,10,2,2,2.0,2,6,Basic,Referral,United Kingdom,0,0.8229213205094473,Critical,Urgent retention call and tailored offer
SP-02385,12,44.89,6,1,1,3.5,2,16,Basic,Referral,United Kingdom,0,0.8200975549761537,Critical,Urgent retention call and tailored offer
SP-00460,7,59.98,7,3,1,4.0,3,20,Basic,Referral,Germany,0,0.8198813975583867,Critical,Urgent retention call and tailored offer
SP-02294,45,218.66,11,1,4,3.0,2,25,Professional,Organic,United Kingdom,1,0.8195365707598561,Critical,Urgent retention call and tailored offer
SP-01960,12,78.16,8,2,2,3.1,1,21,Professional,Paid,United Kingdom,1,0.819149661200257,Critical,Urgent retention call and tailored offer
SP-00793,44,64.22,9,2,3,4.0,1,32,Basic,Organic,United Kingdom,0,0.8182279959547054,Critical,Urgent retention call and tailored offer
SP-02038,3,55.24,3,4,0,3.9,1,29,Professional,Organic,Germany,0,0.8169335327867521,Critical,Urgent retention call and tailored offer
SP-00285,27,88.03,11,4,2,4.0,2,33,Basic,Organic,United Kingdom,0,0.8140052399592246,Critical,Urgent retention call and tailored offer
SP-02052,19,97.3,5,3,2,2.6,2,10,Basic,Organic,Germany,1,0.8137227348277327,Critical,Urgent retention call and tailored offer
SP-00033,6,65.46,8,4,4,1.5,0,4,Enterprise,Referral,Germany,0,0.8135023758708655,Critical,Urgent retention call and tailored offer
SP-00769,9,71.58,3,2,2,4.1,2,16,Basic,Organic,Germany,1,0.8128322401947837,Critical,Urgent retention call and tailored offer
SP-01762,25,120.09,6,1,2,3.7,1,29,Professional,Organic,Portugal,0,0.8108981176640688,Critical,Urgent retention call and tailored offer
SP-00566,15,152.45,3,5,1,2.6,1,22,Professional,Organic,Germany,0,0.8107098103869228,Critical,Urgent retention call and tailored offer
SP-00366,32,38.3,3,2,0,2.1,0,21,Professional,Organic,Germany,0,0.8107025050226893,Critical,Urgent retention call and tailored offer
SP-00735,13,62.92,6,2,1,3.4,2,24,Enterprise,Partner,Germany,0,0.8093151206258326,Critical,Urgent retention call and tailored offer
SP-02497,49,36.02,10,6,2,3.3,2,33,Basic,Organic,Portugal,0,0.8090387458120161,Critical,Urgent retention call and tailored offer
SP-01252,25,75.21,7,3,1,2.2,1,18,Professional,Referral,Germany,1,0.8077226960981839,Critical,Urgent retention call and tailored offer
SP-02214,7,115.61,5,3,1,3.9,3,21,Basic,Organic,Portugal,1,0.807448596096898,Critical,Urgent retention call and tailored offer
SP-00335,28,88.25,7,7,3,3.4,2,23,Professional,Organic,Germany,1,0.8071191084083014,Critical,Urgent retention call and tailored offer
SP-00977,6,64.89,9,1,1,1.9,0,16,Basic,Paid,Portugal,0,0.8063483859106167,Critical,Urgent retention call and tailored offer
SP-02039,60,43.72,9,4,2,3.3,1,35,Basic,Referral,Germany,0,0.8059764193656757,Critical,Urgent retention call and tailored offer
SP-00153,56,92.31,5,2,4,3.3,2,18,Basic,Paid,Germany,1,0.8048816687300885,Critical,Urgent retention call and tailored offer
SP-01302,25,99.88,11,2,1,2.8,0,34,Basic,Organic,Portugal,1,0.8046589243819384,Critical,Urgent retention call and tailored offer
SP-02263,2,99.05,5,4,2,4.1,2,23,Basic,Paid,Portugal,0,0.8040527290392354,Critical,Urgent retention call and tailored offer
SP-01975,34,78.35,5,4,2,3.2,3,16,Professional,Organic,Germany,1,0.8028593118858252,Critical,Urgent retention call and tailored offer
SP-02348,46,132.85,4,6,3,1.9,2,10,Basic,Partner,Germany,0,0.8020048508841787,Critical,Urgent retention call and tailored offer
SP-00057,33,42.64,5,2,2,3.2,1,20,Basic,Paid,United Kingdom,0,0.8010991744545903,Critical,Urgent retention call and tailored offer
SP-02442,1,116.72,7,5,4,3.0,0,12,Basic,Organic,United Kingdom,1,0.7983605101505189,High,Escalate unresolved service issues
SP-02048,32,95.71,8,0,2,3.4,1,24,Professional,Referral,United Kingdom,0,0.7980711042581108,High,Send re-engagement journey
SP-00294,20,70.07,4,5,1,4.0,1,31,Basic,Organic,Germany,0,0.7974374330880415,High,Send re-engagement journey
SP-01133,48,131.02,8,0,1,2.0,2,19,Professional,Organic,Germany,0,0.7969978334647753,High,Offer billing support or flexible payment plan
SP-01374,26,85.52,3,3,0,3.2,1,27,Basic,Organic,Germany,0,0.796876081556378,High,Send re-engagement journey
SP-02298,30,50.54,15,3,1,2.7,1,31,Basic,Organic,Germany,1,0.796362003027417,High,Send re-engagement journey
SP-00269,37,64.91,10,4,0,3.3,2,34,Basic,Partner,United Kingdom,0,0.7953168794443839,High,Offer billing support or flexible payment plan
SP-00485,28,80.38,9,3,1,2.6,3,21,Enterprise,Organic,United Kingdom,0,0.7952286241744329,High,Offer billing support or flexible payment plan
SP-02462,13,89.89,2,0,2,4.3,4,7,Professional,Organic,Germany,1,0.7945396673531754,High,Offer billing support or flexible payment plan
SP-00043,43,42.4,4,3,1,2.9,2,18,Basic,Organic,United Kingdom,1,0.7939061656642941,High,Offer billing support or flexible payment plan
SP-01561,18,56.52,7,2,2,5.0,2,30,Professional,Partner,Germany,1,0.7936639026904401,High,Offer billing support or flexible payment plan
SP-00899,5,114.2,13,3,2,5.0,1,41,Basic,Referral,Germany,0,0.7925349005778674,High,Send re-engagement journey
SP-01701,16,120.1,10,4,1,3.0,1,28,Basic,Referral,Germany,0,0.7923874035606754,High,Send re-engagement journey
SP-00731,44,98.35,9,1,0,3.0,3,27,Professional,Referral,Germany,0,0.7923757664824913,High,Offer billing support or flexible payment plan
SP-00932,42,39.65,4,2,1,3.5,2,24,Basic,Organic,Portugal,0,0.792354243884316,High,Offer billing support or flexible payment plan
SP-02021,19,42.19,6,3,1,3.2,1,23,Professional,Paid,United Kingdom,1,0.790861160590961,High,Send re-engagement journey
SP-02302,9,132.58,4,4,3,3.1,1,12,Professional,Referral,Germany,1,0.7908284106115672,High,Escalate unresolved service issues
SP-02312,5,175.35,4,5,1,2.4,1,18,Basic,Paid,United Kingdom,0,0.7897764208880994,High,Proactive account-manager outreach
SP-00954,26,91.37,7,4,2,4.1,1,33,Professional,Organic,Germany,0,0.7894177400982554,High,Send re-engagement journey
SP-01085,13,92.9,4,5,0,2.9,0,30,Basic,Paid,Germany,1,0.7892436040676742,High,Send re-engagement journey
SP-02215,7,80.87,5,1,1,2.3,1,8,Professional,Organic,Germany,1,0.7891499119902388,High,Proactive account-manager outreach
SP-00848,4,105.68,7,0,1,4.3,3,18,Basic,Referral,Germany,0,0.7878110396300341,High,Offer billing support or flexible payment plan
SP-01279,1,95.89,12,3,0,3.0,1,28,Basic,Organic,Germany,0,0.7865066528458255,High,Send re-engagement journey
SP-01319,27,95.61,8,6,0,2.3,1,30,Basic,Paid,Germany,0,0.7858737438737452,High,Send re-engagement journey
SP-01697,29,78.42,8,3,2,3.8,2,27,Professional,Organic,Portugal,0,0.7853507721472138,High,Offer billing support or flexible payment plan
SP-02339,3,69.34,4,2,3,4.3,1,21,Enterprise,Organic,Germany,0,0.7843325092469454,High,Escalate unresolved service issues
SP-00982,43,91.06,3,2,2,3.4,2,20,Basic,Paid,Germany,1,0.7826929024369642,High,Offer billing support or flexible payment plan
SP-00266,35,60.62,11,4,3,2.9,0,25,Basic,Partner,Germany,1,0.7826781892799028,High,Escalate unresolved service issues
SP-00498,23,141.06,10,6,1,3.3,0,41,Basic,Organic,Germany,1,0.7824568262106477,High,Send re-engagement journey
SP-02100,15,75.55,10,2,1,3.5,0,31,Basic,Partner,Germany,0,0.7811815848204319,High,Send re-engagement journey
SP-01800,32,22.35,8,0,3,4.2,1,21,Basic,Partner,Germany,1,0.780952647749847,High,Escalate unresolved service issues
SP-00475,39,108.28,11,3,4,3.9,1,28,Basic,Partner,Germany,0,0.780919622864956,High,Escalate unresolved service issues
SP-02219,18,68.81,10,3,3,4.6,2,27,Basic,Organic,Portugal,1,0.7801195769117797,High,Offer billing support or flexible payment plan
SP-02243,28,85.6,6,1,1,2.9,1,19,Basic,Organic,United Kingdom,0,0.7783499771797825,High,Proactive account-manager outreach
SP-01809,6,66.36,2,1,3,4.0,1,10,Basic,Paid,Germany,0,0.7776704947807378,High,Escalate unresolved service issues
SP-01808,29,180.65,15,2,1,3.2,0,44,Basic,Referral,Germany,0,0.7774543979825759,High,Send re-engagement journey
SP-01779,19,119.99,8,2,4,3.5,0,19,Professional,Referral,Germany,0,0.7774281349514929,High,Escalate unresolved service issues
SP-02134,24,61.95,4,5,1,2.4,0,18,Basic,Referral,United Kingdom,0,0.7770210655938653,High,Proactive account-manager outreach
SP-01225,26,97.66,8,0,0,3.7,1,41,Enterprise,Organic,Portugal,0,0.7763483693795725,High,Send re-engagement journey
SP-01021,4,124.7,4,2,3,3.5,1,10,Professional,Referral,Germany,0,0.774886505785593,High,Escalate unresolved service issues
SP-01166,7,119.84,7,2,2,3.9,0,26,Basic,Referral,Germany,1,0.7740558196296614,High,Send re-engagement journey
SP-01653,4,54.67,12,2,2,4.5,1,31,Basic,Paid,Germany,0,0.7740467250766101,High,Send re-engagement journey
SP-01005,8,37.61,7,2,1,3.4,1,17,Basic,Organic,United Kingdom,1,0.7738432209650508,High,Proactive account-manager outreach
SP-01093,51,57.26,8,2,3,3.3,1,27,Professional,Paid,Portugal,1,0.7728679527753658,High,Escalate unresolved service issues
SP-01463,3,97.73,6,5,1,4.0,1,29,Basic,Paid,United Kingdom,0,0.7719963400620061,High,Send re-engagement journey
SP-01209,18,128.87,3,4,2,2.4,2,5,Basic,Organic,Germany,1,0.7719910257476825,High,Offer billing support or flexible payment plan
SP-01353,30,47.54,5,4,3,2.6,2,10,Enterprise,Organic,Germany,0,0.7716938352281449,High,Offer billing support or flexible payment plan
SP-00032,14,64.78,6,0,0,2.5,2,10,Basic,Paid,United Kingdom,1,0.7715321044288831,High,Offer billing support or flexible payment plan
SP-01756,20,113.56,6,4,2,3.2,1,23,Professional,Paid,Germany,0,0.7698592521132652,High,Send re-engagement journey
SP-00789,33,80.83,7,4,1,2.0,2,15,Professional,Paid,Germany,0,0.769594819660196,High,Offer billing support or flexible payment plan
SP-02475,7,79.88,8,3,6,4.6,3,4,Professional,Paid,Germany,1,0.7694193168478726,High,Offer billing support or flexible payment plan
SP-01928,8,54.64,2,7,2,3.2,1,12,Basic,Organic,Germany,1,0.7684239298393574,High,Proactive account-manager outreach
SP-00938,9,124.86,6,2,1,2.9,1,17,Professional,Referral,Germany,1,0.7684124474105867,High,Proactive account-manager outreach
SP-00883,27,65.16,6,2,3,4.1,1,24,Basic,Paid,Portugal,1,0.7675520315245369,High,Escalate unresolved service issues
SP-00415,2,60.92,6,4,3,4.5,1,22,Professional,Paid,Germany,0,0.7675214344369546,High,Escalate unresolved service issues
SP-00646,20,153.55,7,0,1,2.8,0,23,Basic,Organic,United Kingdom,1,0.7660560238509359,High,Send re-engagement journey
SP-02230,59,43.57,4,2,1,3.4,0,33,Basic,Organic,United Kingdom,0,0.7659776004258808,High,Send re-engagement journey
SP-01464,4,53.59,6,2,0,3.9,2,27,Enterprise,Organic,Germany,0,0.7655718978919436,High,Offer billing support or flexible payment plan
SP-02395,29,66.78,6,4,2,3.4,1,22,Professional,Referral,Germany,0,0.7649216560718773,High,Send re-engagement journey
SP-01187,9,47.18,8,6,1,3.4,1,24,Basic,Organic,Germany,1,0.764562232720483,High,Send re-engagement journey
SP-02020,28,74.14,9,2,4,3.4,1,16,Professional,Organic,Portugal,0,0.7639574086874211,High,Escalate unresolved service issues
SP-01663,12,50.47,8,2,0,4.3,1,36,Professional,Paid,Germany,0,0.763333652398875,High,Send re-engagement journey
SP-01527,20,39.44,7,3,2,4.5,0,32,Basic,Organic,Germany,1,0.7630631340831695,High,Send re-engagement journey
SP-01936,10,55.45,2,2,4,4.1,1,6,Basic,Referral,Portugal,0,0.7626019883998092,High,Escalate unresolved service issues
SP-02454,29,125.9,12,2,2,2.5,1,22,Professional,Organic,Germany,0,0.7625045398474696,High,Send re-engagement journey
SP-02138,2,53.34,4,0,0,2.6,1,6,Basic,Referral,Germany,1,0.7609067253441202,High,Proactive account-manager outreach
SP-00308,34,76.89,9,2,5,4.3,2,18,Basic,Paid,Portugal,0,0.7606715168527151,High,Offer billing support or flexible payment plan
SP-00699,4,118.02,6,2,2,3.8,0,24,Basic,Organic,Portugal,0,0.7603854395318919,High,Send re-engagement journey
SP-02169,57,79.08,9,4,3,2.0,1,16,Professional,Partner,United Kingdom,0,0.7602329252334519,High,Escalate unresolved service issues
SP-01112,14,41.84,11,2,2,4.2,1,26,Professional,Referral,United Kingdom,0,0.7593733885103026,High,Send re-engagement journey
SP-00424,35,44.92,8,4,1,3.5,0,37,Professional,Paid,Germany,0,0.7589820305242063,High,Send re-engagement journey
SP-01041,43,106.11,4,2,1,2.9,1,22,Basic,Referral,Germany,0,0.758322290003439,High,Send re-engagement journey
SP-01987,50,57.23,13,4,1,2.8,1,34,Professional,Partner,United Kingdom,0,0.7565228218249506,High,Send re-engagement journey
SP-01192,17,66.98,8,4,1,3.6,0,33,Professional,Paid,United Kingdom,1,0.7564198782592279,High,Send re-engagement journey
SP-00747,32,24.5,5,2,2,3.3,1,23,Enterprise,Paid,Germany,1,0.7547380792548857,High,Send re-engagement journey
SP-01799,29,107.18,10,3,1,4.8,0,59,Enterprise,Paid,Portugal,0,0.7542446946214219,High,Send re-engagement journey
SP-01484,7,61.39,12,4,2,2.1,0,15,Professional,Referral,Portugal,1,0.7541881658413055,High,Proactive account-manager outreach
SP-01610,8,45.43,4,1,1,2.5,0,8,Professional,Organic,United Kingdom,1,0.7540415017883517,High,Proactive account-manager outreach
SP-00431,6,86.62,4,3,2,3.3,0,16,Basic,Paid,United Kingdom,1,0.7527235158894172,High,Proactive account-manager outreach
SP-00009,13,66.9,3,4,4,3.4,0,9,Basic,Organic,Portugal,0,0.7527058557884166,High,Escalate unresolved service issues
SP-00207,46,130.15,8,4,3,3.6,0,33,Basic,Organic,United Kingdom,0,0.752492746827021,High,Escalate unresolved service issues
SP-01049,41,70.04,7,3,0,1.9,1,20,Professional,Partner,Germany,0,0.7520242964624337,High,Proactive account-manager outreach
SP-01347,52,110.78,12,2,5,4.3,3,23,Professional,Organic,Portugal,0,0.7508104297605168,High,Offer billing support or flexible payment plan
SP-00818,7,125.18,5,3,2,3.2,1,19,Enterprise,Partner,Germany,0,0.7502776818789137,High,Proactive account-manager outreach
SP-00365,7,32.44,10,3,2,3.9,1,19,Basic,Partner,United Kingdom,0,0.7497356696511451,High,Proactive account-manager outreach
SP-00667,31,183.42,3,4,4,3.6,2,15,Professional,Organic,Portugal,1,0.7486501383210526,High,Offer billing support or flexible payment plan
SP-01725,33,83.93,8,2,2,2.1,3,1,Professional,Referral,United Kingdom,1,0.7485762229379255,High,Offer billing support or flexible payment plan
SP-00214,27,69.53,4,5,1,1.2,0,7,Basic,Organic,Germany,0,0.7479604836097463,High,Proactive account-manager outreach
SP-01769,5,79.22,8,3,1,2.4,2,6,Professional,Referral,Germany,0,0.7474423427541317,High,Offer billing support or flexible payment plan
SP-00778,8,115.56,13,0,1,3.7,1,32,Professional,Paid,Portugal,1,0.7471386001418746,High,Send re-engagement journey
SP-00329,9,66.55,5,5,3,3.3,0,13,Professional,Partner,United Kingdom,1,0.7460123437749786,High,Escalate unresolved service issues
SP-02051,11,103.02,8,9,2,3.2,0,31,Professional,Paid,Germany,0,0.7459255106184779,High,Send re-engagement journey
SP-02485,21,54.03,7,1,2,4.6,1,27,Basic,Paid,United Kingdom,1,0.7448070102337927,High,Send re-engagement journey
SP-00974,29,105.8,7,3,4,2.8,0,14,Professional,Paid,United Kingdom,0,0.7445989510612672,High,Escalate unresolved service issues
SP-00838,12,73.48,10,1,0,4.4,1,35,Professional,Partner,United Kingdom,0,0.743488356339974,High,Send re-engagement journey
SP-01685,22,109.89,10,7,4,2.7,0,19,Basic,Organic,Portugal,0,0.7430184245656297,High,Escalate unresolved service issues
SP-00075,42,75.99,11,2,1,4.4,0,46,Basic,Partner,Germany,0,0.7429814257439593,High,Send re-engagement journey
SP-01978,21,157.14,9,3,1,4.1,1,38,Basic,Organic,Portugal,0,0.7424532762536432,High,Send re-engagement journey
SP-00916,28,72.2,5,3,0,2.7,0,30,Enterprise,Partner,United Kingdom,1,0.7417107782784403,High,Send re-engagement journey
SP-01940,13,69.01,8,4,4,2.5,0,6,Basic,Paid,Germany,0,0.7416444863295444,High,Escalate unresolved service issues
SP-01430,48,59.32,4,3,2,2.4,1,12,Basic,Organic,Germany,1,0.7407114760895769,High,Proactive account-manager outreach
SP-00338,20,105.64,6,1,0,4.3,3,25,Professional,Organic,United Kingdom,0,0.7406774429696974,High,Offer billing support or flexible payment plan
SP-00315,15,43.92,7,2,1,2.5,1,10,Professional,Organic,Germany,0,0.739863899850225,High,Proactive account-manager outreach
SP-02491,21,142.88,3,0,2,3.8,1,18,Professional,Organic,Germany,1,0.7397969456195094,High,Proactive account-manager outreach
SP-01368,28,91.84,6,5,3,3.2,0,20,Professional,Partner,United Kingdom,0,0.7396926430212646,High,Escalate unresolved service issues
SP-01598,44,54.52,10,7,3,2.2,0,21,Professional,Partner,Germany,0,0.7389738727440837,High,Escalate unresolved service issues
SP-02272,20,32.76,10,3,3,2.6,0,11,Professional,Referral,Germany,0,0.7384119749963616,High,Escalate unresolved service issues
SP-00513,51,46.01,11,2,5,3.9,0,26,Professional,Organic,Portugal,1,0.733930571032646,High,Escalate unresolved service issues
SP-00993,12,70.82,6,3,1,4.7,1,31,Basic,Referral,Portugal,0,0.7327229273563678,High,Send re-engagement journey
SP-00114,28,23.65,6,1,2,3.6,1,14,Basic,Partner,Germany,1,0.7317700424713814,High,Proactive account-manager outreach
SP-01537,10,115.39,3,6,2,3.1,0,18,Basic,Paid,United Kingdom,1,0.7306567668832207,High,Proactive account-manager outreach
SP-00830,2,36.76,6,5,1,3.3,0,18,Basic,Organic,United Kingdom,0,0.7304768554732596,High,Proactive account-manager outreach
SP-01114,18,48.43,3,3,2,3.6,1,14,Professional,Paid,United Kingdom,1,0.7301215376145219,High,Proactive account-manager outreach
SP-01735,52,62.79,7,0,2,2.2,0,16,Basic,Partner,Portugal,1,0.7297328618555851,High,Proactive account-manager outreach
SP-01149,42,90.48,13,4,3,3.1,0,30,Professional,Organic,United Kingdom,0,0.7290506600228468,High,Escalate unresolved service issues
SP-01475,59,66.61,6,7,2,3.0,0,32,Basic,Partner,Germany,0,0.728914779159566,High,Send re-engagement journey
SP-02431,8,81.24,6,1,2,4.2,3,11,Professional,Organic,Portugal,1,0.7287488147245623,High,Offer billing support or flexible payment plan
SP-01272,7,141.46,6,2,0,2.7,1,18,Basic,Paid,United Kingdom,1,0.7277581290736121,High,Proactive account-manager outreach
SP-00819,40,148.53,5,3,0,2.9,1,30,Basic,Referral,Portugal,1,0.7275551041044932,High,Send re-engagement journey
SP-00970,3,79.96,7,8,3,3.5,0,24,Enterprise,Referral,United Kingdom,0,0.726629252781598,High,Escalate unresolved service issues
SP-01075,29,82.64,5,4,3,2.9,0,18,Professional,Paid,Portugal,0,0.7264497324377812,High,Escalate unresolved service issues
SP-01812,40,90.97,6,2,0,3.4,0,40,Enterprise,Referral,United Kingdom,0,0.7259069844384807,High,Send re-engagement journey
SP-00584,4,111.73,6,5,2,2.2,0,11,Professional,Paid,Germany,1,0.725551324895146,High,Proactive account-manager outreach
SP-01399,2,148.46,7,2,0,2.7,2,12,Professional,Referral,United Kingdom,0,0.7252712394196236,High,Offer billing support or flexible payment plan
SP-01099,3,72.41,11,5,1,2.3,1,13,Professional,Referral,Germany,0,0.7252388362940393,High,Proactive account-manager outreach
SP-01161,35,43.08,9,5,0,3.1,1,31,Professional,Partner,Germany,0,0.7252121624229421,High,Send re-engagement journey
SP-00901,1,88.89,10,2,3,3.6,0,16,Professional,Partner,Germany,1,0.7248206362509373,High,Escalate unresolved service issues
SP-00829,52,63.27,8,3,2,2.5,0,24,Basic,Organic,Portugal,0,0.724678649231149,High,Send re-engagement journey
SP-02403,45,92.83,7,6,2,3.7,1,36,Professional,Paid,Portugal,0,0.7241314981767925,High,Send re-engagement journey
SP-02082,6,77.77,8,4,2,3.0,2,6,Basic,Partner,Germany,0,0.7237269056288683,High,Offer billing support or flexible payment plan
SP-00270,36,66.44,13,7,1,3.4,2,33,Basic,Organic,Germany,0,0.7224274396641464,High,Offer billing support or flexible payment plan
SP-00189,15,61.84,8,0,2,4.9,1,33,Enterprise,Referral,Portugal,1,0.7221124792375222,High,Send re-engagement journey
SP-00798,28,46.37,8,3,5,3.7,1,7,Basic,Organic,Germany,0,0.7215129653787152,High,Escalate unresolved service issues
SP-00100,9,104.39,11,4,0,2.6,0,26,Basic,Referral,Germany,0,0.7203261043447745,High,Send re-engagement journey
SP-00745,48,135.59,8,2,4,1.6,0,6,Basic,Organic,Germany,0,0.7196262760739695,High,Escalate unresolved service issues
SP-01261,16,109.47,7,2,2,3.4,0,20,Basic,Organic,Germany,0,0.7192107798040727,High,Proactive account-manager outreach
SP-00736,41,89.72,12,2,3,3.3,1,22,Professional,Referral,United Kingdom,0,0.7184806974887161,High,Escalate unresolved service issues
SP-02186,18,66.05,10,5,1,3.1,0,30,Professional,Paid,Germany,0,0.7179406665210979,High,Send re-engagement journey
SP-01275,46,68.46,3,3,0,3.8,0,38,Basic,Paid,Germany,1,0.7176307577732199,High,Send re-engagement journey
SP-01621,16,54.37,9,5,2,2.9,3,6,Basic,Paid,United Kingdom,0,0.7174252630136666,High,Offer billing support or flexible payment plan
SP-01754,24,116.6,6,1,0,1.0,0,6,Basic,Referral,Germany,0,0.716035794918575,High,Proactive account-manager outreach
SP-01615,4,105.05,8,3,1,3.4,0,24,Professional,Organic,Germany,1,0.7156241035682528,High,Send re-engagement journey
SP-00299,18,35.51,12,2,1,3.5,2,19,Professional,Referral,Germany,1,0.7145493614689612,High,Offer billing support or flexible payment plan
SP-00722,56,56.09,5,1,3,3.1,2,12,Basic,Paid,Portugal,1,0.7145318109886428,High,Offer billing support or flexible payment plan
SP-02072,39,95.91,4,3,0,3.1,1,25,Basic,Partner,Germany,0,0.7135925022247147,High,Send re-engagement journey
SP-01110,3,98.97,7,5,0,2.4,2,12,Professional,Paid,United Kingdom,0,0.7128422014109645,High,Offer billing support or flexible payment plan
SP-02434,19,76.65,11,2,3,4.3,1,24,Basic,Paid,United Kingdom,1,0.7128417904710258,High,Escalate unresolved service issues
SP-00137,37,96.94,4,4,3,3.6,2,12,Basic,Partner,Germany,0,0.7124994883294264,High,Offer billing support or flexible payment plan
SP-02369,10,48.86,5,2,2,3.7,1,13,Professional,Paid,Germany,1,0.7114408943230001,High,Proactive account-manager outreach
SP-01827,7,83.08,8,6,3,3.6,0,18,Basic,Referral,Germany,0,0.7108286676458855,High,Escalate unresolved service issues
SP-01586,20,120.42,15,2,5,3.2,1,10,Basic,Partner,Germany,1,0.7105745079622982,High,Escalate unresolved service issues
SP-01000,31,54.25,4,1,0,3.5,1,21,Basic,Referral,Germany,0,0.7100476237177223,High,Send re-engagement journey
SP-02464,36,47.69,8,2,1,2.5,1,19,Professional,Paid,Portugal,1,0.7091183034010649,High,Proactive account-manager outreach
SP-00541,43,68.14,5,5,4,4.0,2,15,Professional,Organic,Germany,1,0.7090097044801997,High,Offer billing support or flexible payment plan
SP-01059,26,75.76,3,3,2,4.0,1,17,Basic,Partner,United Kingdom,0,0.7086055632738286,High,Proactive account-manager outreach
SP-00058,10,124.77,8,1,1,2.8,1,12,Basic,Referral,Germany,1,0.7064833788932258,High,Proactive account-manager outreach
SP-00761,11,71.29,11,3,3,2.6,0,12,Professional,Paid,Germany,0,0.706206145616389,High,Escalate unresolved service issues
SP-02033,6,116.26,8,4,2,3.6,0,23,Professional,Organic,Germany,1,0.7041623557834579,High,Send re-engagement journey
SP-01834,5,67.5,6,4,2,2.9,0,11,Basic,Paid,United Kingdom,0,0.7038744071718613,High,Proactive account-manager outreach
SP-01493,2,117.93,15,3,1,3.7,1,29,Professional,Partner,United Kingdom,0,0.7037144210675854,High,Send re-engagement journey
SP-00328,3,93.28,7,3,3,4.4,0,21,Basic,Referral,Portugal,0,0.7025832944973602,High,Escalate unresolved service issues
SP-00412,14,126.17,11,1,1,2.0,1,9,Basic,Referral,Germany,0,0.7025663178916539,High,Proactive account-manager outreach
SP-01396,36,64.05,4,0,1,3.8,1,23,Professional,Paid,Germany,0,0.7020912723270502,High,Send re-engagement journey
SP-02316,1,101.3,8,4,3,3.3,1,14,Enterprise,Organic,Germany,0,0.7013453004744898,High,Escalate unresolved service issues
SP-02034,41,103.31,4,3,1,2.8,1,21,Professional,Paid,Germany,1,0.7005686387707796,High,Send re-engagement journey
SP-01446,3,101.21,11,1,0,2.5,1,17,Professional,Paid,Germany,1,0.7004501164097456,High,Proactive account-manager outreach
SP-00695,6,92.1,9,2,1,3.3,1,15,Basic,Referral,United Kingdom,0,0.699290570071576,High,Proactive account-manager outreach
SP-00347,60,89.95,9,2,1,2.2,1,22,Basic,Organic,Germany,0,0.6991588065872891,High,Send re-engagement journey
SP-00379,23,74.3,2,1,0,2.7,0,17,Professional,Paid,Germany,0,0.6991408131561205,High,Proactive account-manager outreach
SP-01560,52,43.95,11,7,2,3.2,2,27,Professional,Organic,Germany,1,0.6986957474348254,High,Offer billing support or flexible payment plan
SP-01373,27,82.28,11,4,1,4.1,2,30,Professional,Partner,United Kingdom,0,0.6986551500924246,High,Offer billing support or flexible payment plan
SP-02433,10,67.27,9,2,2,3.8,2,12,Professional,Organic,United Kingdom,1,0.6977575610853265,High,Offer billing support or flexible payment plan
SP-01552,52,94.2,10,3,3,2.6,0,22,Basic,Referral,Portugal,0,0.6976979970973815,High,Escalate unresolved service issues
SP-00171,7,115.64,5,2,1,4.0,0,26,Basic,Paid,Germany,0,0.6975828182178538,High,Send re-engagement journey
SP-02278,4,107.36,11,5,1,4.2,2,26,Basic,Referral,Germany,0,0.6963558305068585,High,Offer billing support or flexible payment plan
SP-00309,19,86.65,7,3,2,1.5,0,4,Professional,Paid,Germany,0,0.6947657332605063,High,Proactive account-manager outreach
SP-01970,10,56.43,9,7,3,2.7,2,3,Professional,Organic,Germany,0,0.6947530644916874,High,Offer billing support or flexible payment plan
SP-01696,41,39.98,14,2,2,3.7,0,34,Professional,Organic,Germany,0,0.6939447576546227,High,Send re-engagement journey
SP-00170,2,64.64,8,3,0,4.0,1,26,Basic,Organic,Portugal,0,0.6933333535862575,High,Send re-engagement journey
SP-01309,25,82.37,4,2,1,2.9,1,11,Professional,Referral,United Kingdom,0,0.6926683558030594,High,Proactive account-manager outreach
SP-00436,8,127.42,6,1,2,3.1,1,8,Basic,Referral,Portugal,0,0.6926239676381566,High,Proactive account-manager outreach
SP-01976,4,68.82,10,5,2,4.3,0,29,Basic,Referral,Portugal,0,0.6922518381388989,High,Send re-engagement journey
SP-01461,48,77.3,2,4,0,2.6,0,24,Professional,Referral,United Kingdom,0,0.6920818068705514,High,Send re-engagement journey
SP-00710,28,84.79,5,3,4,3.9,0,15,Professional,Organic,United Kingdom,0,0.6904812114735219,High,Escalate unresolved service issues
SP-00023,11,115.77,7,5,2,3.9,2,20,Basic,Paid,Portugal,0,0.6904343954210928,High,Offer billing support or flexible payment plan
SP-02171,2,76.85,6,2,0,4.3,3,14,Basic,Referral,United Kingdom,0,0.6898720572613117,High,Offer billing support or flexible payment plan
SP-00408,9,69.01,7,4,1,3.7,1,22,Professional,Paid,Germany,0,0.6895908323331555,High,Send re-engagement journey
SP-02116,13,75.84,9,1,3,3.3,1,9,Professional,Paid,Germany,0,0.6882998731918782,High,Escalate unresolved service issues
SP-01657,51,124.15,10,2,2,2.2,0,21,Basic,Partner,Germany,1,0.6874148951610213,High,Send re-engagement journey
SP-00522,9,29.81,5,5,1,4.1,2,16,Basic,Partner,Portugal,0,0.6870216914865804,High,Offer billing support or flexible payment plan
SP-00404,59,60.22,6,8,2,3.9,1,34,Basic,Referral,Germany,1,0.6867000920907796,High,Send re-engagement journey
SP-00701,32,63.23,9,6,1,2.7,1,22,Basic,Partner,Portugal,1,0.6860658706823871,High,Send re-engagement journey
SP-00400,19,84.24,2,4,3,2.6,0,3,Basic,Organic,Portugal,0,0.6844866487207679,High,Escalate unresolved service issues
SP-02329,2,148.97,11,4,1,3.3,0,28,Basic,Paid,United Kingdom,1,0.6844537070545744,High,Send re-engagement journey
SP-01253,5,111.03,12,4,2,3.5,2,15,Basic,Organic,Germany,1,0.6839660037997547,High,Offer billing support or flexible payment plan
SP-00595,20,95.41,6,2,4,4.4,1,12,Basic,Organic,United Kingdom,0,0.6838236461509885,High,Escalate unresolved service issues
SP-00275,26,53.49,10,6,1,3.8,1,30,Basic,Organic,Germany,1,0.6829340195292694,High,Send re-engagement journey
SP-00247,46,94.21,8,3,3,3.6,2,17,Professional,Organic,United Kingdom,0,0.6828065716585088,High,Offer billing support or flexible payment plan
SP-02301,17,61.88,4,0,2,3.1,0,9,Professional,Paid,Germany,0,0.682658860656538,High,Proactive account-manager outreach
SP-00581,6,86.12,11,3,3,3.1,2,4,Basic,Paid,United Kingdom,0,0.6815113411521857,High,Offer billing support or flexible payment plan
SP-02407,23,54.78,7,2,3,2.7,1,9,Enterprise,Paid,Germany,0,0.6807650998437192,High,Escalate unresolved service issues
SP-00554,20,29.73,4,3,2,3.9,1,12,Basic,Organic,Germany,0,0.680512535014157,High,Proactive account-manager outreach
SP-02085,8,79.97,6,4,0,2.6,3,4,Professional,Organic,Germany,0,0.6794781054665925,High,Offer billing support or flexible payment plan
SP-01013,15,114.27,10,3,4,4.7,1,26,Enterprise,Referral,United Kingdom,1,0.6785846117742316,High,Escalate unresolved service issues
SP-00225,44,135.86,9,3,2,4.0,0,37,Professional,Referral,Germany,0,0.6782252763990635,High,Send re-engagement journey
SP-01029,34,59.46,14,2,3,2.2,1,8,Professional,Referral,Germany,0,0.6781147419091592,High,Escalate unresolved service issues
SP-01160,21,99.12,6,2,0,2.7,0,19,Basic,Referral,Germany,0,0.6781134492967289,High,Proactive account-manager outreach
SP-02310,33,55.81,8,0,2,3.1,0,14,Basic,Partner,United Kingdom,0,0.6781024977135424,High,Proactive account-manager outreach
SP-00483,16,37.3,11,1,1,3.4,1,18,Basic,Paid,United Kingdom,0,0.6779191442782068,High,Proactive account-manager outreach
SP-00590,51,70.1,12,3,2,3.6,0,34,Basic,Referral,Germany,0,0.6778843939769091,High,Send re-engagement journey
SP-02324,40,78.59,8,2,4,2.7,1,3,Basic,Partner,Germany,0,0.6774172922775465,High,Escalate unresolved service issues
SP-00538,7,136.44,7,1,1,3.0,1,11,Professional,Referral,United Kingdom,0,0.677358600454145,High,Proactive account-manager outreach
SP-00634,23,81.11,7,4,2,3.9,0,26,Professional,Organic,Germany,0,0.6773577828428712,High,Send re-engagement journey
SP-00458,39,88.13,6,1,5,4.1,0,15,Basic,Paid,Germany,0,0.6772087480839624,High,Escalate unresolved service issues
SP-01154,55,98.01,6,0,3,3.9,1,19,Basic,Referral,United Kingdom,1,0.6770656670450985,High,Escalate unresolved service issues
SP-00724,8,62.64,11,1,1,3.9,3,11,Basic,Referral,Germany,0,0.6769946206886243,High,Offer billing support or flexible payment plan
SP-00642,55,66.95,6,4,1,3.1,0,29,Basic,Organic,United Kingdom,0,0.6762325346602664,High,Send re-engagement journey
SP-00142,13,53.14,7,3,0,3.6,3,12,Professional,Partner,United Kingdom,0,0.675231878325318,High,Offer billing support or flexible payment plan
SP-01256,6,101.57,8,2,0,3.3,2,13,Basic,Referral,United Kingdom,1,0.6747160617669188,High,Offer billing support or flexible payment plan
SP-00622,29,48.86,7,2,2,3.1,1,13,Professional,Paid,Germany,0,0.6743040247278467,High,Proactive account-manager outreach
SP-01101,29,42.97,11,1,1,2.0,1,8,Professional,Partner,Germany,1,0.673763859509711,High,Proactive account-manager outreach
SP-01772,23,60.45,7,4,3,3.5,1,11,Professional,Referral,Germany,0,0.6736230988170745,High,Escalate unresolved service issues
SP-01550,1,62.04,5,2,0,3.8,2,11,Basic,Partner,Germany,0,0.6724073428116838,High,Offer billing support or flexible payment plan
SP-01996,1,82.49,3,2,1,3.5,0,20,Enterprise,Paid,Germany,0,0.6719340346999063,High,Proactive account-manager outreach
SP-00411,11,114.07,5,3,1,3.4,1,17,Professional,Paid,United Kingdom,0,0.6718261608467466,High,Proactive account-manager outreach
SP-01090,9,53.09,7,2,3,3.5,0,9,Basic,Paid,United Kingdom,0,0.6717701509585164,High,Escalate unresolved service issues
SP-01689,57,128.5,8,5,1,3.6,1,37,Basic,Partner,Germany,0,0.671642737936492,High,Send re-engagement journey
SP-00913,23,82.08,12,4,2,4.3,2,26,Professional,Partner,Germany,0,0.6701682664509178,High,Offer billing support or flexible payment plan
SP-00005,26,100.18,8,5,3,2.8,2,6,Professional,Organic,Germany,0,0.6693875871694246,High,Offer billing support or flexible payment plan
SP-00779,17,107.07,3,6,2,2.7,2,2,Professional,Organic,United Kingdom,0,0.6679356269981742,High,Offer billing support or flexible payment plan
SP-01296,31,53.53,7,6,1,3.7,2,26,Professional,Paid,Portugal,0,0.667825459106493,High,Offer billing support or flexible payment plan
SP-00758,23,48.75,6,3,1,2.4,1,7,Professional,Organic,Germany,1,0.6675106231475294,High,Proactive account-manager outreach
SP-00668,52,103.83,9,5,2,2.0,3,6,Basic,Referral,Germany,0,0.6663116395127274,High,Offer billing support or flexible payment plan
SP-01566,28,107.1,10,3,2,3.8,2,21,Basic,Paid,United Kingdom,0,0.6658498561719408,High,Offer billing support or flexible payment plan
SP-01849,32,78.69,7,3,0,2.4,0,20,Basic,Organic,United Kingdom,0,0.665568498971237,High,Proactive account-manager outreach
SP-00059,45,42.15,5,3,3,2.8,2,2,Professional,Organic,Germany,0,0.6655059964457961,High,Offer billing support or flexible payment plan
SP-01500,51,75.88,7,1,3,2.9,1,10,Basic,Organic,Germany,0,0.6654577504345425,High,Escalate unresolved service issues
SP-01755,38,38.14,11,5,1,2.8,2,17,Basic,Organic,United Kingdom,0,0.6654076584028249,High,Offer billing support or flexible payment plan
SP-00376,6,103.22,8,2,2,3.8,0,20,Professional,Referral,Portugal,0,0.6654044397298025,High,Proactive account-manager outreach
SP-01686,32,57.4,8,1,4,3.6,0,12,Basic,Paid,United Kingdom,0,0.6650528571630332,High,Escalate unresolved service issues
SP-01904,15,86.38,3,3,1,3.2,1,9,Basic,Organic,United Kingdom,0,0.6645231257987726,High,Proactive account-manager outreach
SP-00268,21,121.23,9,4,1,3.2,3,14,Basic,Partner,Portugal,0,0.663554137708748,High,Offer billing support or flexible payment plan
SP-00493,46,87.86,7,5,0,3.1,3,21,Professional,Partner,United Kingdom,0,0.6628019729600151,High,Offer billing support or flexible payment plan
SP-02025,5,78.23,6,5,1,3.3,0,19,Basic,Organic,Portugal,1,0.6621313232829481,High,Proactive account-manager outreach
SP-00194,22,45.43,6,8,1,3.5,2,19,Basic,Organic,Portugal,0,0.6614410064114605,High,Offer billing support or flexible payment plan
SP-01823,19,34.87,7,5,2,3.9,3,8,Basic,Organic,Germany,0,0.6608744897783554,High,Offer billing support or flexible payment plan
SP-01063,9,103.34,8,1,2,3.5,0,14,Basic,Organic,United Kingdom,0,0.6607640305165995,High,Proactive account-manager outreach
SP-01911,5,45.64,6,2,1,3.5,0,13,Basic,Partner,Germany,0,0.6594944154496489,High,Proactive account-manager outreach
SP-01058,47,86.89,10,6,2,1.0,0,11,Professional,Organic,Germany,0,0.6591963280653145,High,Proactive account-manager outreach
SP-01889,4,73.48,6,4,2,3.7,1,11,Basic,Referral,Portugal,1,0.6588861501520454,High,Proactive account-manager outreach
SP-01227,7,84.75,6,2,1,3.2,0,13,Basic,Partner,Germany,0,0.6588273788465926,High,Proactive account-manager outreach
SP-00726,8,88.89,4,3,3,4.2,1,17,Enterprise,Paid,Germany,0,0.6582352359153221,High,Escalate unresolved service issues
SP-00104,1,126.12,9,7,1,3.6,1,23,Professional,Referral,United Kingdom,0,0.6571974961887797,High,Send re-engagement journey
SP-01129,34,103.48,9,4,2,4.7,2,37,Enterprise,Partner,Portugal,0,0.6562684068482239,High,Offer billing support or flexible payment plan
SP-00612,28,87.11,3,1,1,3.2,0,17,Professional,Partner,Portugal,1,0.6554327875377083,High,Proactive account-manager outreach
SP-02192,25,119.91,11,4,0,2.0,2,18,Professional,Paid,Portugal,0,0.6548193312570584,High,Offer billing support or flexible payment plan
SP-01106,11,89.55,7,4,0,3.0,1,19,Professional,Paid,United Kingdom,0,0.6546315612150965,High,Proactive account-manager outreach
SP-00082,27,41.84,11,0,0,3.8,2,21,Basic,Organic,United Kingdom,0,0.6536699996923572,High,Offer billing support or flexible payment plan
SP-01949,1,45.14,8,4,0,3.1,2,10,Basic,Paid,United Kingdom,0,0.6534746369728838,High,Offer billing support or flexible payment plan
SP-00098,41,112.2,6,4,1,3.0,0,34,Enterprise,Paid,Germany,0,0.6530406785762969,High,Send re-engagement journey
SP-01819,9,140.65,13,2,2,3.4,1,21,Professional,Paid,Germany,0,0.6529969665836951,High,Send re-engagement journey
SP-02448,39,53.11,7,3,2,2.4,1,6,Basic,Referral,Germany,1,0.6522755891691386,High,Proactive account-manager outreach
SP-00102,12,139.45,7,3,2,3.2,0,16,Professional,Organic,United Kingdom,0,0.6522133443082839,High,Proactive account-manager outreach
SP-00700,6,71.62,4,1,0,3.6,0,18,Basic,Paid,United Kingdom,0,0.6514943808605398,High,Proactive account-manager outreach
SP-01286,3,57.19,7,5,1,3.6,0,19,Basic,Organic,Germany,1,0.651406629931146,High,Proactive account-manager outreach
SP-00720,36,59.25,8,3,0,2.2,1,15,Professional,Referral,Germany,0,0.651130644154096,High,Proactive account-manager outreach
SP-01895,9,107.49,6,4,2,3.5,0,15,Basic,Organic,United Kingdom,1,0.6500443888550559,High,Proactive account-manager outreach
SP-02367,21,76.36,9,7,2,2.8,2,9,Professional,Referral,United Kingdom,1,0.6500074328793418,High,Offer billing support or flexible payment plan
SP-00951,6,114.61,14,5,2,3.4,1,20,Basic,Partner,Germany,0,0.6494171326104012,High,Proactive account-manager outreach
SP-00386,8,74.84,10,1,1,2.5,0,11,Basic,Organic,Portugal,1,0.6489567902480475,High,Proactive account-manager outreach
SP-01570,60,81.77,9,3,2,3.2,3,16,Professional,Organic,United Kingdom,0,0.6489165292347926,High,Offer billing support or flexible payment plan
SP-02480,9,34.18,4,4,2,5.0,1,18,Basic,Organic,United Kingdom,0,0.6475999694037835,High,Proactive account-manager outreach
SP-01126,51,76.85,9,3,2,3.0,3,11,Professional,Organic,United Kingdom,0,0.6473734683292266,High,Offer billing support or flexible payment plan
SP-02049,46,56.23,8,2,1,2.7,3,9,Basic,Paid,Germany,0,0.6464051644599124,High,Offer billing support or flexible payment plan
SP-00192,38,53.24,6,2,0,3.1,3,11,Professional,Referral,Germany,0,0.6463894865253715,High,Offer billing support or flexible payment plan
SP-00310,7,100.33,10,3,1,4.3,1,25,Basic,Organic,United Kingdom,0,0.645177938427212,High,Send re-engagement journey
SP-00115,31,132.29,3,2,2,3.4,2,7,Basic,Partner,Germany,0,0.64516465880783,High,Offer billing support or flexible payment plan
SP-01850,10,106.34,11,1,3,3.7,1,10,Basic,Partner,Germany,1,0.6446737315569335,High,Escalate unresolved service issues
SP-00418,8,51.94,7,5,0,4.1,1,24,Basic,Referral,Germany,1,0.6430350669008391,High,Send re-engagement journey
SP-00920,39,81.95,4,2,0,3.4,1,24,Professional,Paid,United Kingdom,0,0.6429393192517429,High,Send re-engagement journey
SP-02315,14,94.7,7,2,1,3.9,1,22,Basic,Paid,Portugal,1,0.6428771546386135,High,Send re-engagement journey
SP-02019,44,75.3,7,2,2,3.2,0,19,Basic,Referral,Germany,0,0.6427388767312928,High,Proactive account-manager outreach
SP-01366,2,151.25,7,6,0,3.5,1,30,Enterprise,Referral,Germany,1,0.6415463993597045,High,Send re-engagement journey
SP-02030,21,96.74,12,3,4,3.5,2,8,Professional,Paid,United Kingdom,0,0.6410151572542062,High,Offer billing support or flexible payment plan
SP-01335,33,71.26,8,3,4,3.6,0,14,Basic,Partner,Portugal,0,0.6408416171252744,High,Escalate unresolved service issues
SP-00196,6,91.74,10,1,2,4.1,1,17,Basic,Organic,Portugal,0,0.64072731574986,High,Proactive account-manager outreach
SP-01702,11,96.96,7,4,1,5.0,0,36,Basic,Referral,Portugal,0,0.6404943484277986,High,Send re-engagement journey
SP-00661,11,58.13,10,6,4,4.7,2,13,Professional,Referral,United Kingdom,1,0.6403763792081036,High,Offer billing support or flexible payment plan
SP-00876,31,85.61,7,2,3,3.9,1,16,Professional,Paid,United Kingdom,0,0.6403353348606642,High,Escalate unresolved service issues
SP-02002,4,106.8,6,2,2,5.0,1,23,Professional,Paid,United Kingdom,0,0.6403319472157277,High,Send re-engagement journey
SP-00474,29,141.56,10,1,0,4.1,2,33,Professional,Paid,Germany,0,0.6400900027655809,High,Offer billing support or flexible payment plan
SP-02299,14,82.64,4,5,0,3.4,3,10,Professional,Organic,Germany,1,0.6397286324412826,High,Offer billing support or flexible payment plan
SP-01522,43,92.5,8,3,1,4.2,0,38,Basic,Paid,United Kingdom,0,0.6393404970440865,High,Send re-engagement journey
SP-02469,2,116.1,8,2,1,3.9,0,25,Basic,Paid,Portugal,0,0.6386783904817905,High,Send re-engagement journey
SP-02056,22,60.85,4,5,0,3.6,0,33,Enterprise,Paid,United Kingdom,1,0.6383905281517632,High,Send re-engagement journey
SP-00817,3,64.86,4,5,0,4.7,0,32,Basic,Paid,Germany,0,0.6379013403843597,High,Send re-engagement journey
SP-00131,34,132.5,7,3,2,2.8,0,20,Professional,Paid,Germany,0,0.6376349909136869,High,Proactive account-manager outreach
SP-00813,42,87.3,8,2,3,4.2,1,22,Professional,Organic,Germany,0,0.6363443282721165,High,Escalate unresolved service issues
SP-00589,51,57.68,9,5,1,2.2,1,17,Professional,Referral,United Kingdom,0,0.6363179225774097,High,Proactive account-manager outreach
SP-02107,46,74.13,6,1,2,2.7,1,10,Basic,Paid,Germany,0,0.6361830452587792,High,Proactive account-manager outreach
SP-00454,2,59.71,6,3,3,3.3,0,3,Professional,Organic,Germany,0,0.6351299461873092,High,Escalate unresolved service issues
SP-01027,5,99.54,4,3,3,3.7,1,4,Basic,Paid,Germany,0,0.6345203484704229,High,Escalate unresolved service issues
SP-02366,6,101.85,7,4,3,4.5,0,26,Enterprise,Organic,Germany,0,0.6344278762664659,High,Escalate unresolved service issues
SP-01607,9,138.15,5,2,0,2.7,1,10,Basic,Organic,Germany,0,0.6341803239003094,High,Proactive account-manager outreach
SP-00774,44,41.62,7,2,2,4.3,0,28,Professional,Organic,United Kingdom,0,0.6334928199340376,High,Send re-engagement journey
SP-00989,15,59.38,6,2,2,3.1,0,6,Basic,Referral,United Kingdom,0,0.6334223832721234,High,Proactive account-manager outreach
SP-01842,6,53.87,9,0,2,4.2,0,15,Basic,Referral,Germany,0,0.6323643906931818,High,Proactive account-manager outreach
SP-02441,22,52.85,7,5,0,2.6,0,18,Basic,Partner,Germany,0,0.632323898084072,High,Proactive account-manager outreach
SP-01515,15,137.81,9,3,1,2.5,1,14,Professional,Paid,Germany,0,0.6322345287153134,High,Proactive account-manager outreach
SP-01136,4,133.15,5,4,0,2.5,0,12,Basic,Partner,United Kingdom,0,0.6314346158007443,High,Proactive account-manager outreach
SP-00844,3,45.74,13,5,1,3.8,0,28,Basic,Paid,Germany,0,0.6313521921772052,High,Send re-engagement journey
SP-00561,33,128.75,12,3,3,3.8,3,19,Enterprise,Referral,United Kingdom,0,0.631338409962142,High,Offer billing support or flexible payment plan
SP-00756,27,72.29,8,1,2,3.4,0,15,Basic,Partner,Germany,0,0.631165678856892,High,Proactive account-manager outreach
SP-01549,30,70.06,4,6,2,3.5,1,13,Basic,Referral,United Kingdom,1,0.6300489794043552,High,Proactive account-manager outreach
SP-01068,39,91.08,9,2,0,3.7,0,37,Professional,Paid,United Kingdom,0,0.6300405387066483,High,Send re-engagement journey
SP-01831,22,184.47,5,4,2,1.6,0,11,Enterprise,Referral,Portugal,0,0.629970575529931,High,Proactive account-manager outreach
SP-00526,19,37.57,5,2,1,4.2,1,23,Enterprise,Organic,Germany,0,0.6297434775500516,High,Send re-engagement journey
SP-02205,28,78.15,10,3,1,3.9,1,28,Professional,Partner,Portugal,0,0.6296170839238004,High,Send re-engagement journey
SP-02430,17,50.25,0,5,0,3.2,1,10,Professional,Organic,United Kingdom,0,0.6295541110780258,High,Proactive account-manager outreach
SP-00531,36,66.99,13,3,2,3.9,1,34,Enterprise,Referral,Portugal,0,0.6293765826783747,High,Send re-engagement journey
SP-02094,12,73.98,11,1,0,1.8,0,12,Basic,Paid,Portugal,1,0.6292165357183837,High,Proactive account-manager outreach
SP-01372,21,61.91,5,2,0,4.1,1,25,Professional,Paid,Germany,0,0.62883372528151,High,Send re-engagement journey
SP-01729,27,125.94,8,4,4,4.9,0,29,Basic,Paid,Germany,0,0.6278258016384167,High,Escalate unresolved service issues
SP-02006,8,69.01,8,3,0,5.0,2,27,Basic,Partner,Germany,0,0.627085029981468,High,Offer billing support or flexible payment plan
SP-01875,25,98.56,10,0,1,3.0,2,8,Basic,Referral,United Kingdom,0,0.6270485113705906,High,Offer billing support or flexible payment plan
SP-00675,38,162.74,10,1,1,2.3,1,16,Basic,Organic,Germany,0,0.6269532326612298,High,Proactive account-manager outreach
SP-00251,11,89.18,5,1,2,3.0,0,4,Basic,Organic,Germany,0,0.6265969395005166,High,Proactive account-manager outreach
SP-02381,11,128.72,7,6,1,4.1,0,31,Basic,Referral,Portugal,0,0.6264653967682298,High,Send re-engagement journey
SP-01576,20,54.2,4,4,1,3.6,0,17,Basic,Organic,United Kingdom,1,0.626222317356982,High,Proactive account-manager outreach
SP-01892,15,69.97,6,2,0,3.6,1,17,Professional,Partner,United Kingdom,0,0.6260146665239124,High,Proactive account-manager outreach
SP-02145,22,57.83,12,3,2,3.7,2,14,Professional,Partner,United Kingdom,0,0.6256875294379143,High,Offer billing support or flexible payment plan
SP-00677,35,101.34,6,4,3,2.9,0,10,Basic,Referral,United Kingdom,0,0.625499096389753,High,Escalate unresolved service issues
SP-01630,8,82.73,8,5,1,2.8,1,10,Professional,Organic,United Kingdom,0,0.6253159999353195,High,Proactive account-manager outreach
SP-00076,29,122.33,5,3,3,4.0,0,18,Basic,Referral,Germany,0,0.6251269304267265,High,Escalate unresolved service issues
SP-01449,45,72.88,10,3,3,4.6,0,34,Basic,Paid,Germany,0,0.6235458120476782,High,Escalate unresolved service issues
SP-02101,55,45.41,7,4,3,3.0,1,15,Basic,Paid,Portugal,0,0.6232481461858961,High,Escalate unresolved service issues
SP-02118,33,78.48,5,6,1,3.0,0,22,Basic,Paid,United Kingdom,1,0.6228337083126573,High,Send re-engagement journey
SP-01915,20,120.78,11,6,1,2.7,0,24,Professional,Organic,United Kingdom,0,0.6224123303885658,High,Send re-engagement journey
SP-02191,22,80.29,9,6,5,3.5,1,5,Professional,Organic,Germany,0,0.6221778635452395,High,Escalate unresolved service issues
SP-00528,9,109.42,4,2,1,3.9,1,16,Professional,Paid,Germany,0,0.621912485044844,High,Proactive account-manager outreach
SP-01167,2,91.06,10,5,4,4.1,0,13,Professional,Referral,United Kingdom,0,0.6216989893955123,High,Escalate unresolved service issues
SP-01645,8,57.27,6,5,2,4.0,0,16,Basic,Referral,Germany,0,0.621265271261526,High,Proactive account-manager outreach
SP-02365,46,86.68,7,3,1,2.0,0,16,Basic,Paid,Germany,0,0.6211256041363401,High,Proactive account-manager outreach
SP-00166,49,59.86,9,3,3,3.0,3,5,Professional,Paid,United Kingdom,0,0.620890162992571,High,Offer billing support or flexible payment plan
SP-02158,38,52.69,2,4,1,2.9,0,13,Basic,Organic,United Kingdom,0,0.6208662797862602,High,Proactive account-manager outreach
SP-02172,45,62.12,9,3,1,3.5,2,22,Basic,Paid,Germany,0,0.6206915138287414,High,Offer billing support or flexible payment plan
SP-00987,37,62.01,10,2,2,4.0,0,27,Professional,Organic,United Kingdom,0,0.6199835992807687,High,Send re-engagement journey
SP-00344,31,129.82,4,3,0,2.0,0,16,Professional,Paid,Germany,0,0.6195428442995987,High,Proactive account-manager outreach
SP-01465,52,145.92,7,3,0,3.6,0,41,Basic,Paid,Germany,0,0.6188469318097481,High,Send re-engagement journey
SP-01138,22,125.12,3,3,3,3.7,0,13,Professional,Referral,Portugal,0,0.6186333337091812,High,Escalate unresolved service issues
SP-02199,35,66.83,6,2,1,4.1,0,27,Basic,Organic,Germany,0,0.618053004790593,High,Send re-engagement journey
SP-01972,56,67.2,6,2,1,2.7,1,19,Basic,Paid,Portugal,1,0.6179088132099664,High,Proactive account-manager outreach
SP-01091,31,60.06,3,1,2,2.7,0,3,Professional,Organic,United Kingdom,0,0.6178967988675594,High,Proactive account-manager outreach
SP-01071,41,59.8,7,2,2,2.9,2,5,Professional,Referral,Germany,0,0.6177542536256685,High,Offer billing support or flexible payment plan
SP-01941,10,176.69,9,1,1,3.2,0,20,Professional,Organic,United Kingdom,1,0.617423375720631,High,Proactive account-manager outreach
SP-02411,32,58.19,10,2,1,2.6,1,15,Basic,Paid,Portugal,0,0.6172853068625259,High,Proactive account-manager outreach
SP-01267,4,69.13,12,5,2,3.2,0,17,Basic,Organic,Portugal,0,0.617155726228581,High,Proactive account-manager outreach
SP-01342,9,61.94,5,3,2,4.0,0,12,Basic,Referral,United Kingdom,0,0.6171202386835123,High,Proactive account-manager outreach
SP-01397,38,93.95,6,4,3,5.0,1,29,Professional,Paid,United Kingdom,0,0.6168468158529258,High,Escalate unresolved service issues
SP-01946,8,88.19,4,5,2,3.6,1,8,Professional,Organic,United Kingdom,0,0.616755668372479,High,Proactive account-manager outreach
SP-01222,34,86.44,5,3,3,4.1,2,10,Professional,Referral,Germany,0,0.6164694729453903,High,Offer billing support or flexible payment plan
SP-01688,25,96.21,8,3,0,2.6,0,20,Professional,Referral,Germany,0,0.6163738775789025,High,Proactive account-manager outreach
SP-00846,1,86.07,13,7,1,3.9,1,26,Professional,Partner,United Kingdom,0,0.616336604151731,High,Send re-engagement journey
SP-02240,54,96.46,9,7,1,2.2,1,23,Basic,Paid,United Kingdom,0,0.616264585841131,High,Send re-engagement journey
SP-00752,9,90.49,6,2,1,2.7,0,9,Professional,Referral,Portugal,1,0.6158655077193768,High,Proactive account-manager outreach
SP-02031,34,81.22,6,3,4,4.4,1,12,Basic,Partner,United Kingdom,0,0.6153479473135148,High,Escalate unresolved service issues
SP-01006,56,65.68,8,5,1,2.9,1,25,Basic,Organic,Portugal,0,0.6152655090039663,High,Send re-engagement journey
SP-02259,1,54.99,12,3,3,3.1,0,7,Basic,Organic,Portugal,0,0.6149053559790487,High,Escalate unresolved service issues
SP-00948,9,59.61,6,5,1,3.4,1,13,Basic,Paid,Germany,0,0.6134655750506762,High,Proactive account-manager outreach
SP-00461,44,93.79,10,3,0,3.2,0,33,Basic,Organic,Germany,0,0.6107671340120345,High,Send re-engagement journey
SP-00080,41,124.39,9,3,1,3.1,2,20,Basic,Paid,Germany,0,0.6098644210856979,High,Offer billing support or flexible payment plan
SP-00577,56,52.46,8,2,3,2.6,2,3,Basic,Partner,Portugal,0,0.6092835150879711,High,Offer billing support or flexible payment plan
SP-00367,29,57.13,7,8,2,3.4,1,20,Professional,Paid,Germany,0,0.6092654589370544,High,Proactive account-manager outreach
SP-02083,20,120.07,6,5,4,3.7,1,6,Basic,Organic,United Kingdom,1,0.6082931871800658,High,Escalate unresolved service issues
SP-00079,34,143.01,5,5,2,5.0,1,41,Enterprise,Paid,Germany,1,0.6080590552841645,High,Send re-engagement journey
SP-00388,50,46.7,6,2,0,2.4,0,18,Professional,Referral,United Kingdom,1,0.6078437354637742,High,Proactive account-manager outreach
SP-00361,51,158.22,8,4,3,4.4,1,31,Professional,Organic,United Kingdom,0,0.6077223798037521,High,Escalate unresolved service issues
SP-00696,16,57.42,5,2,0,5.0,0,31,Basic,Partner,United Kingdom,0,0.6072963262269784,High,Send re-engagement journey
SP-01629,24,92.38,9,7,4,4.2,3,9,Basic,Referral,Portugal,1,0.6071831880969543,High,Offer billing support or flexible payment plan
SP-01642,4,64.29,4,1,0,4.3,0,22,Professional,Paid,United Kingdom,0,0.6071316061194639,High,Send re-engagement journey
SP-00757,45,78.77,6,1,0,3.2,2,16,Basic,Organic,Germany,0,0.606270877956659,High,Offer billing support or flexible payment plan
SP-02042,54,64.9,8,7,2,3.9,1,30,Professional,Referral,Germany,0,0.606134877488591,High,Send re-engagement journey
SP-00145,60,50.6,7,3,0,2.8,2,21,Professional,Paid,United Kingdom,0,0.6055201738034636,High,Offer billing support or flexible payment plan
SP-01361,5,61.14,13,2,2,3.0,3,2,Enterprise,Referral,United Kingdom,0,0.6046232309167598,High,Offer billing support or flexible payment plan
SP-00910,6,98.02,5,7,1,3.6,0,19,Basic,Referral,Germany,0,0.6045936024809088,High,Proactive account-manager outreach
SP-00263,18,88.62,10,0,1,4.4,1,23,Basic,Organic,Germany,0,0.6045384824580207,High,Send re-engagement journey
SP-01905,20,75.86,7,0,1,2.5,0,5,Basic,Referral,Germany,0,0.6045053995041525,High,Proactive account-manager outreach
SP-01959,40,75.79,7,3,2,5.0,3,20,Basic,Referral,United Kingdom,1,0.6042173190446937,High,Offer billing support or flexible payment plan
SP-00434,8,100.03,7,5,0,5.0,0,40,Basic,Paid,Germany,1,0.6041055088590125,High,Send re-engagement journey
SP-02207,9,163.18,7,6,4,3.7,1,9,Professional,Organic,Germany,0,0.6034102013014948,High,Escalate unresolved service issues
SP-00246,6,176.02,9,2,3,4.0,0,23,Enterprise,Organic,United Kingdom,0,0.6033140282573032,High,Escalate unresolved service issues
SP-01052,22,119.84,10,7,0,2.1,1,17,Basic,Organic,United Kingdom,0,0.603134666594379,High,Proactive account-manager outreach
SP-01118,36,86.89,6,3,1,2.3,0,17,Enterprise,Referral,United Kingdom,0,0.6027649195745447,High,Proactive account-manager outreach
SP-01774,24,75.45,5,4,1,3.3,1,13,Professional,Organic,United Kingdom,0,0.6027225205131205,High,Proactive account-manager outreach
SP-00333,19,41.45,13,4,1,3.2,1,21,Basic,Paid,Portugal,1,0.6018585971050667,High,Send re-engagement journey
SP-00637,15,93.05,8,1,1,3.2,1,10,Professional,Referral,Germany,0,0.6013072309774882,High,Proactive account-manager outreach
SP-01718,23,54.06,7,5,3,4.7,2,20,Enterprise,Referral,Germany,0,0.6008545030830611,High,Offer billing support or flexible payment plan
SP-00304,54,115.53,9,4,1,2.4,1,19,Basic,Partner,United Kingdom,0,0.6008087195360681,High,Proactive account-manager outreach
SP-00831,15,31.57,13,5,2,3.7,2,13,Professional,Referral,Germany,0,0.5999290902447654,Medium,Offer billing support or flexible payment plan
SP-00556,31,90.77,7,5,2,3.8,0,24,Professional,Organic,United Kingdom,0,0.5994749058877678,Medium,Send re-engagement journey
SP-02333,17,110.17,5,4,2,3.5,0,14,Basic,Organic,Germany,0,0.5994293537203815,Medium,Send personalized content recommendation
SP-01458,28,54.87,8,2,2,3.2,0,11,Basic,Referral,United Kingdom,0,0.5993930724659284,Medium,Send personalized content recommendation
SP-00542,4,68.65,6,3,3,4.1,0,13,Professional,Paid,Portugal,0,0.5991623856402164,Medium,Escalate unresolved service issues
SP-01121,1,67.23,9,3,1,2.9,1,8,Basic,Paid,Portugal,0,0.5985083634906065,Medium,Send personalized content recommendation
SP-00280,5,87.18,5,4,3,3.7,1,3,Basic,Paid,United Kingdom,0,0.5983031601044031,Medium,Escalate unresolved service issues
SP-01622,1,53.0,6,3,1,3.9,1,9,Basic,Referral,Germany,0,0.5976314085280965,Medium,Send personalized content recommendation
SP-01051,31,89.61,7,2,1,4.2,1,24,Professional,Organic,United Kingdom,0,0.5967520264154073,Medium,Send re-engagement journey
SP-01807,1,69.5,9,1,1,2.7,2,1,Enterprise,Referral,United Kingdom,0,0.5960985964970101,Medium,Offer billing support or flexible payment plan
SP-00239,19,79.25,6,3,0,3.9,0,25,Basic,Organic,United Kingdom,0,0.5956110611776179,Medium,Send re-engagement journey
SP-00178,10,77.1,11,5,3,4.4,1,18,Professional,Organic,United Kingdom,0,0.5954466379711862,Medium,Escalate unresolved service issues
SP-00144,25,51.31,9,5,2,3.7,0,20,Basic,Referral,Germany,0,0.595338649887853,Medium,Send personalized content recommendation
SP-01641,44,93.04,5,2,1,1.8,1,4,Basic,Organic,Portugal,0,0.5953096591187009,Medium,Send personalized content recommendation
SP-00777,26,166.89,3,2,0,2.7,0,17,Professional,Organic,United Kingdom,0,0.5952825810733804,Medium,Send personalized content recommendation
SP-02355,19,107.05,10,2,1,3.1,1,14,Basic,Organic,Germany,0,0.594855918685665,Medium,Send personalized content recommendation
SP-01846,38,64.65,10,3,2,2.8,1,11,Basic,Organic,Germany,0,0.5945274454870502,Medium,Send personalized content recommendation
SP-02151,20,55.21,7,4,2,3.3,1,9,Basic,Organic,Portugal,0,0.5944729036151855,Medium,Send personalized content recommendation
SP-01326,12,51.33,2,1,1,3.4,0,15,Enterprise,Paid,Portugal,0,0.5942992248027037,Medium,Send personalized content recommendation
SP-01572,22,57.52,9,4,2,3.3,0,16,Professional,Organic,Germany,0,0.5940380998126378,Medium,Send personalized content recommendation
SP-01989,13,127.13,8,2,1,3.7,0,22,Basic,Partner,Portugal,0,0.5917850051216433,Medium,Send re-engagement journey
SP-00456,34,195.55,5,5,2,3.4,0,25,Professional,Organic,Germany,0,0.5914126243301607,Medium,Send re-engagement journey
SP-00791,6,111.36,5,1,1,3.7,2,6,Basic,Paid,Germany,0,0.5912438921588121,Medium,Offer billing support or flexible payment plan
SP-01271,23,121.56,7,3,0,4.5,2,28,Professional,Organic,Germany,0,0.5898044243048427,Medium,Offer billing support or flexible payment plan
SP-01717,39,116.34,11,5,2,2.9,2,13,Basic,Referral,United Kingdom,0,0.5895516437016384,Medium,Offer billing support or flexible payment plan
SP-01669,32,95.8,10,4,3,4.6,2,20,Basic,Organic,Germany,0,0.5894953776217005,Medium,Offer billing support or flexible payment plan
SP-02150,52,176.38,5,2,1,2.6,1,17,Basic,Organic,Germany,0,0.5893049027060597,Medium,Send personalized content recommendation
SP-01298,41,61.32,9,0,1,3.8,0,26,Professional,Organic,Germany,0,0.588714668205826,Medium,Send re-engagement journey
SP-01028,17,83.23,10,2,2,3.2,1,16,Enterprise,Organic,Portugal,0,0.5883146866301328,Medium,Send personalized content recommendation
SP-01122,6,42.29,7,6,1,3.6,2,7,Basic,Referral,Germany,0,0.5874333995569616,Medium,Offer billing support or flexible payment plan
SP-00709,29,55.2,7,4,1,3.9,2,15,Basic,Organic,United Kingdom,0,0.5860865118636748,Medium,Offer billing support or flexible payment plan
SP-01909,3,59.55,6,6,1,4.0,0,21,Basic,Paid,Germany,0,0.5859946322589873,Medium,Send re-engagement journey
SP-01424,41,106.88,7,2,0,4.5,1,34,Basic,Partner,Germany,0,0.585572847815902,Medium,Send re-engagement journey
SP-02045,17,70.16,7,3,0,3.2,1,14,Basic,Organic,Germany,1,0.5854864536268931,Medium,Send personalized content recommendation
SP-00749,19,112.72,2,4,2,3.3,0,10,Basic,Organic,Portugal,0,0.5849783650920991,Medium,Send personalized content recommendation
SP-00070,29,80.81,1,4,1,3.4,2,8,Professional,Paid,Germany,1,0.5849423902622386,Medium,Offer billing support or flexible payment plan
SP-01789,29,91.92,5,4,0,3.6,0,27,Professional,Organic,Germany,0,0.5848926416187794,Medium,Send re-engagement journey
SP-01711,21,161.38,9,1,0,3.7,1,24,Basic,Partner,United Kingdom,1,0.5846757044042314,Medium,Send re-engagement journey
SP-01569,55,34.51,5,1,0,2.6,0,23,Enterprise,Referral,Germany,0,0.5841345775444169,Medium,Send re-engagement journey
SP-00015,44,140.29,9,2,3,4.8,3,19,Basic,Organic,United Kingdom,1,0.5831831728422361,Medium,Offer billing support or flexible payment plan
SP-00971,18,60.58,8,1,0,3.3,0,18,Professional,Referral,Germany,0,0.583062316275756,Medium,Send personalized content recommendation
SP-02399,16,79.04,12,3,1,2.7,1,14,Basic,Paid,Portugal,0,0.5829249780066459,Medium,Send personalized content recommendation
SP-01001,49,102.44,5,3,0,3.4,2,20,Basic,Partner,Germany,1,0.5828661671189704,Medium,Offer billing support or flexible payment plan
SP-00571,57,136.78,3,2,0,4.7,2,33,Basic,Organic,United Kingdom,0,0.5827337688034564,Medium,Offer billing support or flexible payment plan
SP-01879,44,83.71,6,7,1,3.1,0,25,Basic,Partner,Germany,0,0.5826852121067629,Medium,Send re-engagement journey
SP-00160,48,50.98,12,7,4,3.0,0,17,Basic,Organic,Germany,0,0.5824819765561801,Medium,Escalate unresolved service issues
SP-02201,22,78.18,8,3,1,2.6,2,4,Basic,Paid,Germany,0,0.5817450980036154,Medium,Offer billing support or flexible payment plan
SP-00839,1,100.62,8,5,1,2.6,1,4,Professional,Partner,United Kingdom,0,0.5813854902536258,Medium,Send personalized content recommendation
SP-01032,11,51.73,8,5,1,4.4,0,27,Basic,Paid,United Kingdom,1,0.5813499757213325,Medium,Send re-engagement journey
SP-01364,13,92.25,9,2,0,3.7,0,25,Basic,Referral,Portugal,0,0.580801830552692,Medium,Send re-engagement journey
SP-00964,14,256.51,10,4,0,2.2,0,23,Basic,Partner,Germany,0,0.5806491139053903,Medium,Send re-engagement journey
SP-00826,6,48.91,11,2,2,3.2,0,9,Basic,Paid,United Kingdom,1,0.580564697496096,Medium,Send personalized content recommendation
SP-00267,27,96.31,5,2,1,3.1,0,15,Basic,Organic,Portugal,0,0.5805552432464265,Medium,Send personalized content recommendation
SP-02110,18,42.22,19,0,0,3.2,3,14,Basic,Organic,Germany,0,0.5803983709421282,Medium,Offer billing support or flexible payment plan
SP-00759,8,47.94,7,1,2,3.7,1,7,Professional,Paid,Portugal,0,0.5803623266812209,Medium,Send personalized content recommendation
SP-01382,18,42.63,8,4,3,4.1,1,12,Professional,Organic,Portugal,0,0.5802105803617736,Medium,Escalate unresolved service issues
SP-01162,30,155.77,8,4,1,3.5,1,22,Basic,Referral,United Kingdom,0,0.5800649707742448,Medium,Send re-engagement journey
SP-01830,59,73.83,6,4,0,4.5,3,31,Basic,Referral,Portugal,0,0.5795391503006478,Medium,Offer billing support or flexible payment plan
SP-00305,33,110.0,12,1,0,2.7,1,19,Basic,Partner,Germany,1,0.5794034056984763,Medium,Send personalized content recommendation
SP-00692,48,95.26,9,1,0,4.4,0,42,Basic,Paid,Germany,0,0.5793128368632562,Medium,Send re-engagement journey
SP-00352,3,127.57,5,4,0,3.3,2,10,Basic,Paid,Germany,0,0.57911960385534,Medium,Offer billing support or flexible payment plan
SP-00500,26,85.0,4,6,1,3.8,1,19,Professional,Partner,Germany,0,0.5787040281525081,Medium,Send personalized content recommendation
SP-00703,11,161.29,7,4,1,3.6,2,15,Professional,Referral,Portugal,0,0.5785700924412901,Medium,Offer billing support or flexible payment plan
SP-02308,10,112.48,7,3,2,3.3,2,3,Basic,Paid,Germany,0,0.5784418105229203,Medium,Offer billing support or flexible payment plan
SP-00807,33,177.36,5,0,1,4.1,2,24,Enterprise,Partner,Germany,0,0.5779532466656718,Medium,Offer billing support or flexible payment plan
SP-01102,29,32.23,13,1,1,3.4,0,21,Professional,Referral,United Kingdom,0,0.5777506156089457,Medium,Send re-engagement journey
SP-02210,9,77.23,7,1,2,3.3,0,4,Basic,Partner,United Kingdom,0,0.5776847632220595,Medium,Send personalized content recommendation
SP-01722,45,53.8,7,6,3,3.2,3,2,Basic,Organic,Germany,0,0.5773539571225655,Medium,Offer billing support or flexible payment plan
SP-00439,5,91.74,5,2,1,4.5,0,20,Professional,Referral,Germany,0,0.5771358151775179,Medium,Send personalized content recommendation
SP-00364,54,88.01,12,1,1,2.7,1,22,Professional,Paid,United Kingdom,0,0.5771113293094,Medium,Send re-engagement journey
SP-02489,32,111.1,9,2,0,4.4,1,34,Basic,Partner,Portugal,0,0.5766583453795442,Medium,Send re-engagement journey
SP-01173,24,127.98,6,3,1,2.9,1,9,Basic,Referral,United Kingdom,0,0.5762759992242489,Medium,Send personalized content recommendation
SP-01501,32,120.99,8,2,1,2.6,0,16,Professional,Organic,Germany,0,0.5762473936100494,Medium,Send personalized content recommendation
SP-01719,25,42.6,6,4,0,3.3,2,13,Professional,Paid,United Kingdom,0,0.5743210982695162,Medium,Offer billing support or flexible payment plan
SP-01308,15,124.35,4,3,2,4.0,1,11,Professional,Referral,Germany,0,0.5742722634449182,Medium,Send personalized content recommendation
SP-01240,3,94.51,5,4,2,3.0,0,2,Basic,Referral,Germany,0,0.5742389860906362,Medium,Send personalized content recommendation
SP-01690,6,57.41,11,5,2,3.4,1,12,Professional,Paid,Germany,0,0.5737499242982661,Medium,Send personalized content recommendation
SP-02256,42,65.11,2,3,1,3.8,0,22,Professional,Referral,Portugal,0,0.5734760159442501,Medium,Send re-engagement journey
SP-02185,39,93.69,7,4,1,2.4,0,16,Basic,Paid,United Kingdom,1,0.5733822258480223,Medium,Send personalized content recommendation
SP-01022,5,97.42,6,4,1,3.6,1,10,Basic,Partner,Germany,0,0.5731171782168845,Medium,Send personalized content recommendation
SP-02126,16,96.68,3,1,1,3.1,1,5,Basic,Paid,Portugal,0,0.5725913260147703,Medium,Send personalized content recommendation
SP-02086,40,89.59,5,2,0,2.1,1,15,Enterprise,Paid,United Kingdom,0,0.5725171534409316,Medium,Send personalized content recommendation
SP-01020,7,83.03,3,2,1,4.5,1,13,Professional,Referral,Germany,0,0.572215113532845,Medium,Send personalized content recommendation
SP-01193,11,144.01,4,0,0,2.8,0,10,Professional,Organic,Germany,1,0.571553022551918,Medium,Send personalized content recommendation
SP-01208,44,64.67,5,4,3,4.0,0,19,Professional,Organic,Germany,1,0.5712668600628548,Medium,Escalate unresolved service issues
SP-00162,40,153.25,6,4,2,3.3,2,11,Basic,Referral,United Kingdom,0,0.5712054234160573,Medium,Offer billing support or flexible payment plan
SP-00743,39,58.33,8,4,4,3.6,1,8,Basic,Paid,United Kingdom,0,0.571155093864026,Medium,Escalate unresolved service issues
SP-02360,13,86.48,11,7,1,2.1,1,8,Professional,Referral,Germany,0,0.5711313150891986,Medium,Send personalized content recommendation
SP-00029,33,110.25,5,1,1,2.5,1,10,Enterprise,Organic,United Kingdom,0,0.570013174563651,Medium,Send personalized content recommendation
SP-00527,56,100.4,10,5,1,2.0,0,24,Professional,Paid,Germany,0,0.5699960118715273,Medium,Send re-engagement journey
SP-00811,3,80.86,6,4,0,4.0,1,19,Basic,Paid,Germany,0,0.5695107232007627,Medium,Send personalized content recommendation
SP-02152,20,75.97,7,4,0,2.4,1,8,Basic,Organic,Germany,1,0.5694539847138734,Medium,Send personalized content recommendation
SP-00010,6,50.54,7,7,1,2.4,1,9,Enterprise,Partner,Portugal,0,0.5692058925137543,Medium,Send personalized content recommendation
SP-02170,59,101.99,4,1,1,2.9,1,14,Basic,Organic,Germany,0,0.568928318295559,Medium,Send personalized content recommendation
SP-01662,37,87.29,10,3,1,3.5,3,13,Basic,Organic,Germany,0,0.5689077149827746,Medium,Offer billing support or flexible payment plan
SP-01470,4,37.66,8,3,1,4.1,0,22,Enterprise,Referral,United Kingdom,0,0.5687938997755869,Medium,Send re-engagement journey
SP-01932,29,85.71,7,2,1,3.4,0,19,Professional,Organic,Germany,0,0.5684519715505593,Medium,Send personalized content recommendation
SP-00385,2,76.05,7,4,1,3.0,0,9,Professional,Organic,Germany,0,0.5682719996036588,Medium,Send personalized content recommendation
SP-01327,41,71.13,5,4,2,3.0,0,15,Professional,Organic,Portugal,0,0.568216398211532,Medium,Send personalized content recommendation
SP-01140,33,113.9,11,6,4,3.9,1,17,Basic,Organic,Germany,1,0.5681815154586234,Medium,Escalate unresolved service issues
SP-02197,18,99.24,6,5,0,2.8,2,14,Enterprise,Organic,United Kingdom,0,0.5674010139970593,Medium,Offer billing support or flexible payment plan
SP-00261,48,122.25,5,1,0,3.7,2,22,Basic,Paid,United Kingdom,1,0.5672080128685992,Medium,Offer billing support or flexible payment plan
SP-01652,2,158.07,14,5,1,3.5,1,22,Basic,Organic,United Kingdom,0,0.5667742069365407,Medium,Send re-engagement journey
SP-01927,22,145.35,2,4,1,3.4,0,21,Enterprise,Referral,United Kingdom,0,0.5651440626232525,Medium,Send re-engagement journey
SP-01901,33,66.49,2,5,1,4.3,0,24,Professional,Referral,United Kingdom,0,0.5648789487092963,Medium,Send re-engagement journey
SP-00521,22,130.48,13,1,1,2.7,0,17,Basic,Partner,Germany,0,0.5644417040250624,Medium,Send personalized content recommendation
SP-01143,56,75.09,10,2,0,3.9,1,35,Basic,Paid,United Kingdom,0,0.5634634723286066,Medium,Send re-engagement journey
SP-00896,37,42.93,7,4,3,2.7,0,6,Basic,Paid,Germany,0,0.5631215865175719,Medium,Escalate unresolved service issues
SP-00052,12,99.9,6,4,1,3.5,0,15,Basic,Referral,Germany,0,0.5630917689363184,Medium,Send personalized content recommendation
SP-01602,45,67.38,5,4,1,4.4,1,27,Professional,Referral,Germany,0,0.5629423926744178,Medium,Send re-engagement journey
SP-02492,16,74.09,9,2,3,3.5,0,7,Professional,Partner,United Kingdom,0,0.5628159353780993,Medium,Escalate unresolved service issues
SP-00392,11,81.41,9,1,0,2.7,0,11,Professional,Partner,United Kingdom,0,0.5625474535806977,Medium,Send personalized content recommendation
SP-01810,58,87.01,7,1,0,4.0,1,32,Basic,Referral,Portugal,0,0.5621625104559574,Medium,Send re-engagement journey
SP-02103,11,95.27,6,5,2,2.8,0,5,Basic,Organic,Germany,0,0.5621537576777931,Medium,Send personalized content recommendation
SP-01462,19,127.17,12,3,1,2.7,0,18,Professional,Organic,United Kingdom,0,0.5620430935465641,Medium,Send personalized content recommendation
SP-00576,23,57.79,8,5,3,2.9,0,7,Professional,Referral,Portugal,0,0.5620102451726254,Medium,Escalate unresolved service issues
SP-01608,36,98.42,7,1,1,3.3,0,18,Professional,Referral,United Kingdom,0,0.561963797780276,Medium,Send personalized content recommendation
SP-01379,31,76.46,12,4,1,4.5,0,36,Basic,Organic,United Kingdom,0,0.5618873471793235,Medium,Send re-engagement journey
SP-00230,11,76.86,6,5,3,4.1,0,12,Professional,Organic,United Kingdom,0,0.5616656849697825,Medium,Escalate unresolved service issues
SP-00007,6,113.71,6,5,0,3.2,2,10,Basic,Paid,United Kingdom,0,0.5615944324923585,Medium,Offer billing support or flexible payment plan
SP-01268,23,61.08,10,1,1,3.7,2,14,Basic,Paid,Portugal,0,0.5613812135117879,Medium,Offer billing support or flexible payment plan
SP-02077,28,88.98,10,3,1,3.2,1,17,Basic,Partner,Portugal,0,0.5607595694751384,Medium,Send personalized content recommendation
SP-00968,20,93.41,7,3,1,3.6,1,15,Professional,Organic,Germany,0,0.5602317661284858,Medium,Send personalized content recommendation
SP-00936,57,114.19,4,1,2,3.1,0,14,Basic,Referral,United Kingdom,0,0.5598137970548995,Medium,Send personalized content recommendation
SP-01168,24,79.29,5,5,1,3.6,1,14,Basic,Partner,Germany,0,0.5597675853481164,Medium,Send personalized content recommendation
SP-00815,47,113.85,4,3,1,2.9,0,24,Enterprise,Organic,Germany,0,0.5589215134122262,Medium,Send re-engagement journey
SP-00354,27,127.64,7,4,0,2.8,0,22,Basic,Paid,United Kingdom,0,0.5589005978134236,Medium,Send re-engagement journey
SP-01913,1,70.79,7,5,1,3.8,1,10,Basic,Referral,United Kingdom,0,0.5588941483328882,Medium,Send personalized content recommendation
SP-02203,3,123.2,6,2,1,3.1,1,2,Basic,Referral,United Kingdom,0,0.5583223845949636,Medium,Send personalized content recommendation
SP-01780,42,104.06,13,3,3,3.2,0,19,Basic,Organic,United Kingdom,0,0.5583111232297021,Medium,Escalate unresolved service issues
SP-02141,43,98.61,6,4,1,3.8,1,29,Enterprise,Organic,United Kingdom,0,0.5579791143318794,Medium,Send re-engagement journey
SP-02053,22,88.29,6,3,0,4.4,0,30,Professional,Referral,Germany,0,0.5577669940210003,Medium,Send re-engagement journey
SP-00569,39,50.51,2,3,3,3.8,0,14,Enterprise,Organic,United Kingdom,0,0.556613664195547,Medium,Escalate unresolved service issues
SP-01592,21,75.05,6,1,1,4.1,0,19,Professional,Partner,Germany,0,0.5565895305293999,Medium,Send personalized content recommendation
SP-00331,33,37.87,7,5,1,2.5,0,17,Enterprise,Partner,Germany,0,0.556404356438235,Medium,Send personalized content recommendation
SP-00973,29,62.7,6,1,3,4.7,2,7,Basic,Referral,Germany,0,0.5562158148706793,Medium,Offer billing support or flexible payment plan
SP-01316,18,107.13,6,2,1,3.3,1,17,Enterprise,Paid,Germany,0,0.5560090183645567,Medium,Send personalized content recommendation
SP-00028,50,59.0,3,2,1,2.5,0,9,Professional,Referral,Germany,0,0.5542140616402988,Medium,Send personalized content recommendation
SP-01466,7,54.64,11,3,0,3.4,1,21,Enterprise,Partner,Germany,0,0.5540648370435203,Medium,Send re-engagement journey
SP-00843,55,117.32,5,2,3,3.4,1,10,Basic,Referral,Germany,0,0.5525626294381885,Medium,Escalate unresolved service issues
SP-02073,25,131.37,7,4,1,3.8,2,16,Basic,Organic,Germany,0,0.5523220040154108,Medium,Offer billing support or flexible payment plan
SP-00481,18,108.2,15,0,4,3.4,0,7,Basic,Partner,United Kingdom,0,0.5523059556122015,Medium,Escalate unresolved service issues
SP-00414,8,110.67,11,5,1,2.8,1,10,Basic,Organic,United Kingdom,0,0.5522342106473133,Medium,Send personalized content recommendation
SP-02473,25,114.04,5,7,2,2.1,0,6,Basic,Organic,Portugal,0,0.5521294458729993,Medium,Send personalized content recommendation
SP-01392,32,95.12,9,1,0,3.0,0,21,Professional,Partner,Germany,0,0.5517577877533945,Medium,Send re-engagement journey
SP-01628,36,75.55,5,2,1,3.9,1,16,Basic,Partner,Germany,0,0.5515606521718809,Medium,Send personalized content recommendation
SP-01498,47,35.27,9,3,0,3.2,3,13,Professional,Organic,United Kingdom,1,0.551151928434556,Medium,Offer billing support or flexible payment plan
SP-00289,33,127.09,8,0,2,2.9,1,7,Basic,Organic,Portugal,1,0.5510386002280601,Medium,Send personalized content recommendation
SP-01205,40,119.77,10,6,2,3.0,2,17,Basic,Paid,Portugal,1,0.5509025388573489,Medium,Offer billing support or flexible payment plan
SP-00616,39,115.52,7,4,1,3.6,0,28,Basic,Paid,Germany,1,0.5504672189014622,Medium,Send re-engagement journey
SP-01824,53,136.32,7,3,1,4.0,2,25,Professional,Referral,United Kingdom,0,0.550138346034785,Medium,Offer billing support or flexible payment plan
SP-02255,18,93.78,13,5,4,5.0,0,25,Basic,Referral,United Kingdom,0,0.5500539860364186,Medium,Escalate unresolved service issues
SP-02378,9,110.81,9,7,3,4.0,0,20,Professional,Organic,Portugal,0,0.5493279474476834,Medium,Escalate unresolved service issues
SP-01539,43,147.3,5,5,2,3.5,1,19,Professional,Organic,Germany,0,0.5487570635418966,Medium,Send personalized content recommendation
SP-02449,47,115.9,7,4,2,3.1,0,18,Basic,Partner,United Kingdom,0,0.5486602474466311,Medium,Send personalized content recommendation
SP-00399,17,168.36,11,2,3,3.0,1,5,Professional,Referral,United Kingdom,0,0.5479519944005674,Medium,Escalate unresolved service issues
SP-01594,2,91.26,15,5,0,2.5,3,6,Basic,Referral,Portugal,0,0.5479104189839857,Medium,Offer billing support or flexible payment plan
SP-01590,2,102.8,6,4,3,3.6,0,4,Professional,Organic,United Kingdom,0,0.5476998714643789,Medium,Escalate unresolved service issues
SP-00812,53,93.09,8,2,2,3.3,1,16,Professional,Referral,Germany,1,0.5476946686909682,Medium,Send personalized content recommendation
SP-01821,19,52.77,6,1,2,3.6,0,7,Professional,Referral,Germany,0,0.5474888290673955,Medium,Send personalized content recommendation
SP-02223,2,35.16,8,7,1,3.1,1,14,Enterprise,Organic,Portugal,0,0.5474490858040459,Medium,Send personalized content recommendation
SP-00907,25,46.74,5,2,1,3.4,1,6,Basic,Partner,Germany,0,0.5472361323405837,Medium,Send personalized content recommendation
SP-01806,3,84.09,6,7,3,3.7,0,7,Basic,Partner,Germany,0,0.546648173686119,Medium,Escalate unresolved service issues
SP-01249,20,60.45,10,1,2,3.9,2,6,Professional,Partner,United Kingdom,0,0.5463804486214389,Medium,Offer billing support or flexible payment plan
SP-01017,24,97.22,2,5,0,3.0,1,12,Basic,Paid,Germany,0,0.5463445317737958,Medium,Send personalized content recommendation
SP-02044,45,89.06,6,5,1,2.8,2,11,Basic,Paid,United Kingdom,1,0.5458524512745414,Medium,Offer billing support or flexible payment plan
SP-00931,33,58.46,4,3,1,4.4,2,15,Professional,Referral,Germany,0,0.5457554700523065,Medium,Offer billing support or flexible payment plan
SP-02180,28,164.62,3,2,1,3.4,0,16,Professional,Referral,United Kingdom,1,0.5457481803953104,Medium,Send personalized content recommendation
SP-00069,5,61.77,11,5,0,5.0,2,28,Professional,Organic,United Kingdom,1,0.545539442718647,Medium,Offer billing support or flexible payment plan
SP-01179,16,145.83,6,4,0,3.6,0,27,Professional,Paid,Germany,0,0.5449644628288512,Medium,Send re-engagement journey
SP-00449,32,122.09,4,7,2,3.7,0,21,Professional,Referral,Germany,0,0.5449607228572915,Medium,Send re-engagement journey
SP-00725,48,45.29,12,2,0,3.8,1,30,Basic,Organic,Germany,0,0.5447480596742288,Medium,Send re-engagement journey
SP-00803,31,118.91,9,5,2,1.8,0,5,Basic,Partner,Germany,0,0.5442075248200825,Medium,Send personalized content recommendation
SP-02174,46,98.02,5,4,2,4.3,1,22,Professional,Partner,United Kingdom,0,0.5440849460473594,Medium,Send re-engagement journey
SP-01743,28,56.36,3,3,2,3.1,0,4,Professional,Organic,United Kingdom,0,0.544061327350231,Medium,Send personalized content recommendation
SP-00578,32,80.62,10,3,3,2.9,0,9,Professional,Organic,Germany,1,0.5437565130045104,Medium,Escalate unresolved service issues
SP-00614,24,117.82,10,6,2,3.9,1,21,Professional,Referral,United Kingdom,0,0.5437560142111422,Medium,Send re-engagement journey
SP-00780,52,78.96,7,7,2,2.9,2,14,Professional,Paid,Germany,0,0.5428373450086277,Medium,Offer billing support or flexible payment plan
SP-01137,44,68.39,2,4,2,3.3,1,7,Professional,Organic,United Kingdom,0,0.5426934741071456,Medium,Send personalized content recommendation
SP-00398,12,109.18,8,3,2,4.1,1,14,Basic,Paid,United Kingdom,0,0.5424010375558816,Medium,Send personalized content recommendation
SP-02453,6,102.37,6,4,1,3.0,0,14,Enterprise,Organic,United Kingdom,0,0.542281235130054,Medium,Send personalized content recommendation
SP-01633,6,74.04,10,5,2,4.6,0,23,Basic,Organic,Germany,0,0.5422788984499604,Medium,Send re-engagement journey
SP-02239,29,126.43,4,3,0,4.7,1,35,Enterprise,Referral,Germany,0,0.5418408430799811,Medium,Send re-engagement journey
SP-00303,1,75.77,7,4,2,4.7,0,17,Basic,Referral,Germany,0,0.5415926364736401,Medium,Send personalized content recommendation
SP-01506,15,136.79,4,2,1,3.7,2,5,Basic,Organic,United Kingdom,0,0.540981723542987,Medium,Offer billing support or flexible payment plan
SP-02059,24,89.47,5,4,0,3.0,0,16,Professional,Partner,United Kingdom,1,0.5396553077528943,Medium,Send personalized content recommendation
SP-02477,32,179.7,5,5,4,2.9,0,6,Professional,Partner,Germany,0,0.5396301792819124,Medium,Escalate unresolved service issues
SP-00121,27,104.25,8,5,2,3.1,2,8,Professional,Organic,Portugal,0,0.5391975483475993,Medium,Offer billing support or flexible payment plan
SP-00238,26,67.33,10,3,0,3.1,0,21,Basic,Organic,Germany,0,0.5391512431700891,Medium,Send re-engagement journey
SP-00340,58,32.78,10,8,2,3.2,1,24,Basic,Paid,Germany,0,0.5389681408507792,Medium,Send re-engagement journey
SP-01878,54,146.04,7,7,1,3.4,1,28,Basic,Referral,United Kingdom,0,0.5385355899962515,Medium,Send re-engagement journey
SP-00716,48,79.21,8,2,1,3.3,1,19,Basic,Organic,Portugal,0,0.5382238588493188,Medium,Send personalized content recommendation
SP-02149,51,117.27,8,2,1,3.1,1,27,Enterprise,Paid,Germany,1,0.5373837559171369,Medium,Send re-engagement journey
SP-01467,39,79.56,8,1,0,3.1,1,18,Basic,Paid,Germany,0,0.5368391750505594,Medium,Send personalized content recommendation
SP-00520,36,97.02,8,6,2,4.4,0,30,Professional,Partner,United Kingdom,0,0.5367618501317584,Medium,Send re-engagement journey
SP-01720,32,50.68,6,8,1,3.3,0,27,Enterprise,Organic,Germany,0,0.5359742366299516,Medium,Send re-engagement journey
SP-00205,28,132.85,11,3,2,3.3,2,12,Basic,Paid,Germany,0,0.5358797478548538,Medium,Offer billing support or flexible payment plan
SP-01411,4,78.79,6,2,2,3.7,1,3,Professional,Paid,United Kingdom,0,0.5356399112874237,Medium,Send personalized content recommendation
SP-02035,60,44.11,6,7,2,3.1,1,16,Professional,Referral,United Kingdom,0,0.5354411919214909,Medium,Send personalized content recommendation
SP-01190,1,184.16,9,0,1,3.1,1,7,Professional,Organic,Germany,0,0.5351188692447387,Medium,Send personalized content recommendation
SP-00782,39,69.44,5,6,4,3.3,1,1,Basic,Partner,Germany,1,0.5346233187763519,Medium,Escalate unresolved service issues
SP-01505,36,86.42,7,4,0,3.1,2,13,Basic,Organic,United Kingdom,0,0.5328598379745332,Medium,Offer billing support or flexible payment plan
SP-01385,24,96.27,5,1,0,3.6,0,18,Basic,Organic,Germany,0,0.5327583374137266,Medium,Send personalized content recommendation
SP-02066,31,112.2,6,3,3,4.2,0,17,Professional,Partner,Germany,0,0.532149495603926,Medium,Escalate unresolved service issues
SP-01266,3,154.83,10,4,0,2.3,1,9,Professional,Organic,Germany,0,0.531641826100214,Medium,Send personalized content recommendation
SP-01664,34,91.5,3,5,1,2.7,0,13,Professional,Paid,Germany,0,0.5315682495306103,Medium,Send personalized content recommendation
SP-00643,52,106.07,9,6,5,4.4,2,13,Basic,Partner,Germany,0,0.5311433425918137,Medium,Offer billing support or flexible payment plan
SP-00682,9,55.76,8,3,0,4.0,3,12,Professional,Paid,Portugal,0,0.5310048975168178,Medium,Offer billing support or flexible payment plan
SP-02237,15,98.89,13,2,1,2.2,0,10,Basic,Paid,Germany,0,0.5309279008635489,Medium,Send personalized content recommendation
SP-01656,14,61.32,8,2,0,1.7,0,5,Enterprise,Partner,United Kingdom,0,0.530059678307479,Medium,Send personalized content recommendation
SP-00008,42,106.34,10,3,3,3.2,0,15,Professional,Organic,United Kingdom,0,0.5300324973308108,Medium,Escalate unresolved service issues
SP-02364,8,105.01,2,2,1,5.0,2,12,Professional,Organic,Germany,1,0.5297377149986414,Medium,Offer billing support or flexible payment plan
SP-01704,12,86.17,5,2,0,2.8,0,6,Basic,Referral,United Kingdom,0,0.5296579449130014,Medium,Send personalized content recommendation
SP-01348,43,76.74,10,5,0,2.6,1,19,Basic,Partner,Germany,0,0.5294133628630233,Medium,Send personalized content recommendation
SP-00822,40,89.16,10,5,3,2.9,0,13,Professional,Organic,United Kingdom,0,0.5287524598327572,Medium,Escalate unresolved service issues
SP-00543,12,25.46,7,5,2,4.0,0,13,Basic,Partner,Portugal,0,0.5286694989948855,Medium,Send personalized content recommendation
SP-01164,32,102.65,6,5,3,3.1,1,4,Professional,Referral,Germany,1,0.528377443688462,Medium,Escalate unresolved service issues
SP-01745,13,64.79,5,6,2,4.6,1,14,Basic,Referral,Germany,0,0.5281797359893233,Medium,Send personalized content recommendation
SP-01150,52,78.38,9,2,1,3.7,0,30,Professional,Organic,Portugal,0,0.5273862962046206,Medium,Send re-engagement journey
SP-01251,15,107.94,6,4,1,2.4,1,3,Professional,Paid,Germany,0,0.5271703181225482,Medium,Send personalized content recommendation
SP-00940,31,60.37,12,2,1,2.8,0,15,Basic,Organic,Germany,0,0.5263162041996229,Medium,Send personalized content recommendation
SP-00602,47,37.32,4,3,1,4.7,0,27,Basic,Referral,United Kingdom,0,0.5262974332133845,Medium,Send re-engagement journey
SP-01681,57,109.98,8,3,0,3.3,2,25,Professional,Paid,United Kingdom,0,0.5257141563094484,Medium,Offer billing support or flexible payment plan
SP-02125,45,65.76,5,2,1,4.0,0,28,Enterprise,Partner,United Kingdom,0,0.5255661345595215,Medium,Send re-engagement journey
SP-01407,21,91.75,11,3,2,3.3,0,16,Professional,Partner,Portugal,0,0.5251809343172392,Medium,Send personalized content recommendation
SP-02402,34,55.7,4,3,3,4.5,2,4,Basic,Referral,United Kingdom,0,0.525036639589875,Medium,Offer billing support or flexible payment plan
SP-01454,15,59.72,12,2,3,3.2,0,4,Basic,Partner,Germany,0,0.5239184880796788,Medium,Escalate unresolved service issues
SP-00383,57,103.37,1,2,3,3.5,0,10,Professional,Partner,Germany,0,0.5237440829129293,Medium,Escalate unresolved service issues
SP-01405,11,152.82,9,2,2,3.5,2,5,Basic,Paid,United Kingdom,0,0.5237052924121989,Medium,Offer billing support or flexible payment plan
SP-02087,44,73.75,7,4,1,3.1,0,20,Professional,Organic,Germany,0,0.5235350050196512,Medium,Send personalized content recommendation
SP-01668,41,98.39,7,6,1,3.4,1,22,Basic,Organic,Portugal,1,0.5233300247492929,Medium,Send re-engagement journey
SP-01031,30,72.08,7,2,4,5.0,1,14,Professional,Paid,United Kingdom,0,0.5231592455618181,Medium,Escalate unresolved service issues
SP-02064,44,115.07,5,3,3,3.1,1,10,Enterprise,Partner,Germany,0,0.5226309591204961,Medium,Escalate unresolved service issues
SP-00790,1,67.88,9,8,0,3.2,0,19,Professional,Referral,Germany,0,0.5226272878851653,Medium,Send personalized content recommendation
SP-01024,51,73.33,6,6,1,4.1,2,24,Professional,Organic,Germany,0,0.5224240432714733,Medium,Offer billing support or flexible payment plan
SP-01585,39,51.63,10,3,1,3.1,1,15,Professional,Organic,Germany,0,0.5223111164361082,Medium,Send personalized content recommendation
SP-01599,51,82.9,9,0,0,4.0,1,28,Professional,Referral,Germany,0,0.5221870539148348,Medium,Send re-engagement journey
SP-01488,1,87.44,7,5,1,3.7,0,14,Professional,Referral,Germany,0,0.5214853317575091,Medium,Send personalized content recommendation
SP-02156,30,113.47,10,6,1,3.8,1,24,Basic,Referral,United Kingdom,0,0.5213851593319844,Medium,Send re-engagement journey
SP-00241,9,100.15,13,0,0,4.2,0,27,Basic,Organic,Germany,0,0.5209341580938774,Medium,Send re-engagement journey
SP-01545,14,58.24,13,4,1,3.1,0,17,Professional,Organic,Germany,0,0.5203720017348006,Medium,Send personalized content recommendation
SP-01833,36,44.54,7,3,0,3.9,0,25,Basic,Referral,Germany,0,0.520249040583412,Medium,Send re-engagement journey
SP-00440,24,89.37,11,3,2,4.2,2,14,Professional,Partner,United Kingdom,0,0.5199439482514678,Medium,Offer billing support or flexible payment plan
SP-02330,9,124.51,8,1,1,4.8,1,19,Basic,Referral,United Kingdom,0,0.5196324145226202,Medium,Send personalized content recommendation
SP-01665,32,148.56,8,2,2,3.2,0,21,Enterprise,Organic,Germany,0,0.5195981362772739,Medium,Send re-engagement journey
SP-00617,15,67.33,18,4,0,2.9,2,17,Professional,Organic,United Kingdom,0,0.5192756893742497,Medium,Offer billing support or flexible payment plan
SP-02055,43,108.91,2,2,1,3.8,0,19,Professional,Referral,Germany,0,0.5189188434971885,Medium,Send personalized content recommendation
SP-00678,6,102.57,6,5,1,4.5,0,22,Professional,Referral,United Kingdom,0,0.5179703348689016,Medium,Send re-engagement journey
SP-00343,38,53.05,7,1,1,4.5,0,28,Professional,Paid,Germany,1,0.5178231326431706,Medium,Send re-engagement journey
SP-01510,41,62.94,9,3,1,3.4,0,21,Professional,Partner,United Kingdom,0,0.5175985947354095,Medium,Send re-engagement journey
SP-00888,12,157.18,8,3,2,3.2,1,6,Professional,Referral,Germany,0,0.517492519607864,Medium,Send personalized content recommendation
SP-00290,29,84.32,7,1,1,4.0,0,19,Basic,Partner,Germany,0,0.5174438930757767,Medium,Send personalized content recommendation
SP-00631,45,115.21,7,2,2,3.4,2,10,Basic,Paid,Germany,0,0.5174240823512094,Medium,Offer billing support or flexible payment plan
SP-00772,60,97.01,4,4,2,3.3,2,13,Basic,Paid,Portugal,0,0.5170270541641638,Medium,Offer billing support or flexible payment plan
SP-00019,51,78.7,9,5,3,3.6,0,19,Basic,Partner,United Kingdom,1,0.5167633245817117,Medium,Escalate unresolved service issues
SP-01216,7,143.43,6,7,3,2.5,0,9,Enterprise,Paid,Portugal,0,0.5165373089109743,Medium,Escalate unresolved service issues
SP-00046,59,27.78,6,4,0,2.0,1,9,Basic,Organic,Germany,0,0.5162925468463088,Medium,Send personalized content recommendation
SP-01285,23,130.77,4,7,2,3.9,1,13,Basic,Referral,United Kingdom,0,0.5157053631514205,Medium,Send personalized content recommendation
SP-00797,59,36.43,8,5,2,3.8,2,17,Professional,Partner,Germany,0,0.5155560084228584,Medium,Offer billing support or flexible payment plan
SP-01805,8,100.09,3,5,3,3.8,1,6,Enterprise,Referral,Portugal,1,0.5150448243646505,Medium,Escalate unresolved service issues
SP-01883,11,87.47,5,1,1,4.2,0,13,Basic,Organic,United Kingdom,1,0.5148435905529017,Medium,Send personalized content recommendation
SP-01964,50,62.43,2,8,2,3.2,2,8,Basic,Paid,Germany,0,0.5145145777855934,Medium,Offer billing support or flexible payment plan
SP-00718,30,208.28,8,5,1,2.0,1,10,Professional,Referral,Germany,0,0.5137321094395126,Medium,Send personalized content recommendation
SP-01346,60,96.59,8,5,3,2.6,0,13,Basic,Organic,Germany,0,0.513675445040039,Medium,Escalate unresolved service issues
SP-01094,24,37.37,6,3,1,3.4,0,10,Basic,Organic,United Kingdom,0,0.5127519827983837,Medium,Send personalized content recommendation
SP-00836,47,95.9,10,4,2,4.2,3,17,Professional,Referral,Germany,0,0.5127072024313416,Medium,Offer billing support or flexible payment plan
SP-01935,9,53.7,7,0,1,4.1,2,4,Basic,Paid,Germany,0,0.511932657790361,Medium,Offer billing support or flexible payment plan
SP-00357,10,54.45,9,6,1,2.6,0,6,Basic,Partner,United Kingdom,0,0.5118690441391883,Medium,Send personalized content recommendation
SP-00713,44,65.87,2,1,1,4.4,2,12,Professional,Organic,United Kingdom,0,0.5115919969580931,Medium,Offer billing support or flexible payment plan
SP-02013,10,62.26,7,3,1,3.9,1,9,Professional,Referral,United Kingdom,0,0.5112066484201009,Medium,Send personalized content recommendation
SP-01782,21,90.73,7,5,0,2.1,0,11,Professional,Paid,United Kingdom,0,0.5111370275362664,Medium,Send personalized content recommendation
SP-01948,56,55.46,11,1,2,3.4,0,20,Basic,Organic,Germany,0,0.5109198711405775,Medium,Send personalized content recommendation
SP-01721,6,50.19,5,3,0,3.6,0,13,Basic,Paid,Germany,1,0.5105560517293034,Medium,Send personalized content recommendation
SP-00659,5,93.62,6,2,0,4.7,3,17,Enterprise,Organic,Germany,1,0.5104361452916536,Medium,Offer billing support or flexible payment plan
SP-02326,50,83.38,6,2,2,4.4,1,22,Basic,Paid,Germany,0,0.5103164656583492,Medium,Send re-engagement journey
SP-01574,49,77.77,5,5,0,2.7,2,12,Basic,Paid,United Kingdom,0,0.5087616347437827,Medium,Offer billing support or flexible payment plan
SP-02182,15,113.26,6,3,1,4.4,1,19,Basic,Paid,Germany,0,0.508575689088582,Medium,Send personalized content recommendation
SP-00250,3,80.67,6,6,1,3.9,1,10,Basic,Referral,Germany,1,0.5083026651055855,Medium,Send personalized content recommendation
SP-01511,21,99.63,5,1,1,3.2,0,14,Enterprise,Organic,Germany,0,0.5081729571097104,Medium,Send personalized content recommendation
SP-01232,45,89.56,5,4,3,3.1,0,7,Basic,Referral,Germany,1,0.508149295630822,Medium,Escalate unresolved service issues
SP-00215,45,44.02,9,3,2,3.1,0,16,Professional,Paid,Germany,1,0.5080608614531521,Medium,Send personalized content recommendation
SP-02080,8,104.02,8,1,2,4.4,0,16,Professional,Referral,Portugal,0,0.5078201122660981,Medium,Send personalized content recommendation
SP-01015,32,58.57,13,3,3,3.5,0,22,Enterprise,Organic,Portugal,0,0.507002228863115,Medium,Escalate unresolved service issues
SP-01798,12,85.02,7,3,1,3.6,2,3,Basic,Referral,Germany,0,0.5068150842625392,Medium,Offer billing support or flexible payment plan
SP-00802,19,116.01,8,3,2,4.8,2,15,Basic,Partner,Germany,1,0.506046888864168,Medium,Offer billing support or flexible payment plan
SP-00228,35,81.49,10,3,1,3.5,4,6,Professional,Referral,Portugal,0,0.5057780176124625,Medium,Offer billing support or flexible payment plan
SP-00072,12,97.84,2,4,1,3.7,0,16,Enterprise,Organic,Germany,0,0.5054333664192054,Medium,Send personalized content recommendation
SP-01345,12,169.18,7,1,0,3.4,0,18,Professional,Organic,United Kingdom,0,0.5052222425279043,Medium,Send personalized content recommendation
SP-01191,25,92.04,11,1,0,3.7,0,24,Basic,Organic,United Kingdom,0,0.5050452717451097,Medium,Send re-engagement journey
SP-01605,8,114.5,6,2,1,4.3,2,7,Basic,Referral,United Kingdom,0,0.5049976594238131,Medium,Offer billing support or flexible payment plan
SP-00013,45,85.55,12,4,2,3.5,1,19,Basic,Organic,United Kingdom,0,0.5049861629461926,Medium,Send personalized content recommendation
SP-00635,11,88.46,9,5,3,3.5,0,8,Professional,Organic,Germany,0,0.5049302297448609,Medium,Escalate unresolved service issues
SP-02499,2,93.03,8,4,0,3.6,0,18,Professional,Organic,Germany,0,0.5048056181300117,Medium,Send personalized content recommendation
SP-01147,32,76.33,7,2,2,3.5,0,17,Enterprise,Organic,United Kingdom,0,0.5047220248409888,Medium,Send personalized content recommendation
SP-00832,15,67.26,4,4,1,3.4,1,3,Basic,Organic,United Kingdom,0,0.5040996921349223,Medium,Send personalized content recommendation
SP-00168,11,61.98,5,5,1,3.0,0,6,Basic,Referral,Portugal,0,0.5029215695372148,Medium,Send personalized content recommendation
SP-00564,11,117.47,4,2,2,4.9,0,22,Enterprise,Referral,United Kingdom,0,0.5024100750172309,Medium,Send re-engagement journey
SP-01781,3,168.82,9,4,1,3.4,1,13,Basic,Paid,United Kingdom,0,0.5022546502444714,Medium,Send personalized content recommendation
SP-01568,37,85.63,10,1,1,3.1,0,19,Professional,Paid,Germany,0,0.5020654683710469,Medium,Send personalized content recommendation
SP-00445,31,75.16,6,9,0,3.7,1,26,Professional,Organic,Germany,0,0.5016624155819048,Medium,Send re-engagement journey
SP-00568,15,83.29,8,6,0,3.8,0,25,Professional,Organic,United Kingdom,0,0.501614242835667,Medium,Send re-engagement journey
SP-01885,38,63.66,7,1,2,3.1,1,3,Professional,Partner,Germany,0,0.5014398616447556,Medium,Send personalized content recommendation
SP-02384,24,57.06,7,6,2,3.8,0,15,Professional,Referral,United Kingdom,0,0.5012792923869871,Medium,Send personalized content recommendation
SP-01124,15,150.22,8,3,1,3.1,1,10,Basic,Partner,Portugal,0,0.5010463999301562,Medium,Send personalized content recommendation
SP-02391,28,101.26,4,2,0,5.0,1,26,Basic,Referral,Germany,0,0.5007394740250876,Medium,Send re-engagement journey
SP-00565,54,78.54,8,2,2,4.1,2,20,Professional,Paid,Portugal,0,0.49973640626950655,Medium,Offer billing support or flexible payment plan
SP-01636,33,120.94,4,4,4,3.8,1,3,Basic,Paid,United Kingdom,0,0.49964594468415746,Medium,Escalate unresolved service issues
SP-01350,36,53.71,10,1,3,3.6,0,8,Basic,Referral,United Kingdom,0,0.49944451645367677,Medium,Escalate unresolved service issues
SP-00120,7,65.64,6,1,0,3.9,0,13,Professional,Referral,United Kingdom,0,0.49929793170076703,Medium,Send personalized content recommendation
SP-01699,22,74.75,1,3,1,2.8,0,1,Basic,Paid,United Kingdom,0,0.498999255954042,Medium,Send personalized content recommendation
SP-00547,26,118.14,9,2,1,3.3,2,8,Professional,Referral,Germany,0,0.4987180534424007,Medium,Offer billing support or flexible payment plan
SP-01538,7,72.05,8,2,0,3.5,1,9,Basic,Organic,Germany,0,0.49848256937134944,Medium,Send personalized content recommendation
SP-01477,30,102.02,5,8,4,4.4,1,12,Professional,Referral,Germany,0,0.49840850001623377,Medium,Escalate unresolved service issues
SP-01921,24,82.75,8,2,1,3.5,2,5,Basic,Referral,Germany,0,0.49838881849803024,Medium,Offer billing support or flexible payment plan
SP-01845,45,67.14,8,4,3,3.9,0,18,Professional,Organic,Germany,0,0.4983099877876173,Medium,Escalate unresolved service issues
SP-00155,27,78.14,10,1,3,3.1,0,2,Basic,Partner,United Kingdom,0,0.4969559092715912,Medium,Escalate unresolved service issues
SP-00163,25,118.76,11,3,1,2.8,2,8,Basic,Paid,Germany,0,0.49669979572472855,Medium,Offer billing support or flexible payment plan
SP-00765,22,38.76,7,5,0,2.7,1,8,Basic,Organic,Portugal,0,0.4960490472539437,Medium,Send personalized content recommendation
SP-01916,32,130.92,10,3,2,4.2,0,24,Basic,Referral,United Kingdom,1,0.49594742093449523,Medium,Send re-engagement journey
SP-01891,12,125.81,5,2,0,5.0,0,28,Basic,Organic,United Kingdom,0,0.4956127954792634,Medium,Send re-engagement journey
SP-00127,5,102.17,5,1,0,4.3,0,19,Basic,Paid,Germany,0,0.4950533821458776,Medium,Send personalized content recommendation
SP-02382,27,38.21,6,3,2,3.0,1,6,Enterprise,Paid,Germany,0,0.49400472326105455,Medium,Send personalized content recommendation
SP-00880,38,83.52,8,4,2,4.6,2,18,Basic,Organic,Germany,0,0.493569876841893,Medium,Offer billing support or flexible payment plan
SP-00927,33,101.17,8,2,0,3.1,1,16,Basic,Organic,Portugal,0,0.4930155702783129,Medium,Send personalized content recommendation
SP-01866,25,91.44,3,6,0,3.7,0,20,Basic,Referral,Germany,0,0.49220623460714097,Medium,Send personalized content recommendation
SP-01171,38,60.99,15,1,2,4.3,1,23,Professional,Referral,Germany,0,0.49074664614161784,Medium,Send re-engagement journey
SP-02105,53,107.42,10,3,2,3.7,0,27,Basic,Paid,Germany,0,0.4900379083476032,Medium,Send re-engagement journey
SP-02250,26,154.16,11,1,2,5.0,3,19,Basic,Organic,Portugal,0,0.4900175550940345,Medium,Offer billing support or flexible payment plan
SP-02357,25,86.44,11,2,1,3.9,0,28,Enterprise,Partner,Germany,0,0.4899684199719335,Medium,Send re-engagement journey
SP-01181,37,103.45,8,3,2,3.8,0,27,Enterprise,Paid,Germany,0,0.4894362939444473,Medium,Send re-engagement journey
SP-01301,46,90.38,8,3,0,3.3,0,25,Professional,Partner,United Kingdom,0,0.4882008374631468,Medium,Send re-engagement journey
SP-02466,12,182.0,6,3,1,3.4,1,13,Basic,Paid,Portugal,0,0.48762745165379967,Medium,Send personalized content recommendation
SP-00495,18,69.67,7,1,1,4.5,3,15,Enterprise,Paid,Portugal,1,0.4873841719663601,Medium,Offer billing support or flexible payment plan
SP-02244,7,73.62,8,3,2,4.1,2,10,Enterprise,Paid,Germany,0,0.48626846960777315,Medium,Offer billing support or flexible payment plan
SP-02292,20,136.49,5,6,0,2.4,0,14,Professional,Organic,Portugal,0,0.4852594077877792,Medium,Send personalized content recommendation
SP-01955,59,57.93,7,4,4,3.8,0,16,Professional,Paid,Germany,0,0.4851725990430477,Medium,Escalate unresolved service issues
SP-00728,6,63.87,4,4,2,4.7,0,13,Basic,Paid,United Kingdom,0,0.4851650878271971,Medium,Send personalized content recommendation
SP-01496,26,41.21,5,5,0,3.2,0,14,Basic,Organic,Germany,0,0.48507448177818513,Medium,Send personalized content recommendation
SP-01410,17,64.21,8,2,1,4.6,1,16,Basic,Organic,United Kingdom,0,0.48497979377507944,Medium,Send personalized content recommendation
SP-00330,34,50.31,7,1,2,4.2,1,10,Basic,Organic,Germany,0,0.4845972659316927,Medium,Send personalized content recommendation
SP-00065,25,77.3,11,4,1,3.4,1,16,Basic,Organic,Portugal,1,0.48424922292094996,Medium,Send personalized content recommendation
SP-01747,60,48.35,9,4,2,5.0,1,31,Basic,Partner,Germany,0,0.48408914525283264,Medium,Send re-engagement journey
SP-00206,16,157.44,10,5,2,4.7,0,32,Basic,Paid,Portugal,1,0.4840821713166628,Medium,Send re-engagement journey
SP-02261,2,90.67,7,4,1,3.3,0,7,Basic,Organic,Germany,0,0.48406840436118787,Medium,Send personalized content recommendation
SP-01444,26,106.02,14,1,1,3.7,2,15,Professional,Organic,United Kingdom,0,0.48365538334293934,Medium,Offer billing support or flexible payment plan
SP-00444,30,62.27,2,5,0,3.9,1,15,Basic,Organic,Germany,0,0.48355048052466987,Medium,Send personalized content recommendation
SP-01389,54,59.79,7,5,2,3.2,2,8,Professional,Referral,Germany,0,0.4833092898867021,Medium,Offer billing support or flexible payment plan
SP-00217,5,78.47,6,4,1,4.0,0,12,Basic,Organic,United Kingdom,0,0.48330566120931434,Medium,Send personalized content recommendation
SP-01732,55,87.13,8,4,3,2.5,1,7,Professional,Paid,Portugal,0,0.4832643944697642,Medium,Escalate unresolved service issues
SP-01518,3,85.71,8,7,2,3.9,0,13,Basic,Organic,Germany,0,0.4832638348617052,Medium,Send personalized content recommendation
SP-00001,6,26.61,15,6,2,4.2,2,11,Basic,Partner,Germany,0,0.4830588123527602,Medium,Offer billing support or flexible payment plan
SP-01532,1,59.97,10,3,2,3.8,0,15,Enterprise,Paid,United Kingdom,0,0.48304249308065506,Medium,Send personalized content recommendation
SP-00369,2,93.65,10,1,2,4.5,0,22,Enterprise,Paid,Germany,0,0.4829854982062783,Medium,Send re-engagement journey
SP-00185,30,41.55,9,4,0,3.5,1,17,Basic,Organic,Germany,0,0.482533923784349,Medium,Send personalized content recommendation
SP-00676,44,56.31,11,4,2,3.3,1,13,Professional,Referral,United Kingdom,0,0.4824540023817096,Medium,Send personalized content recommendation
SP-01142,21,49.9,13,2,0,3.1,2,11,Professional,Paid,United Kingdom,0,0.48240738975655856,Medium,Offer billing support or flexible payment plan
SP-01724,44,65.06,7,2,0,4.8,3,23,Basic,Paid,Germany,0,0.4823924453137229,Medium,Offer billing support or flexible payment plan
SP-00450,18,103.4,6,0,1,3.8,0,12,Basic,Partner,Portugal,0,0.48162071749504193,Medium,Send personalized content recommendation
SP-00598,47,40.05,13,4,1,2.5,2,10,Basic,Paid,Germany,0,0.48159869190341864,Medium,Offer billing support or flexible payment plan
SP-00530,56,48.46,10,6,4,3.0,0,11,Professional,Organic,Germany,0,0.48142836383417226,Medium,Escalate unresolved service issues
SP-00371,21,54.27,5,1,2,3.3,0,3,Basic,Paid,Portugal,0,0.4811995157881866,Medium,Send personalized content recommendation
SP-01951,55,47.12,8,7,2,4.7,0,36,Professional,Partner,Portugal,0,0.48098196106016095,Medium,Send re-engagement journey
SP-02211,42,93.04,8,5,1,3.0,2,11,Basic,Paid,United Kingdom,0,0.4808491385873234,Medium,Offer billing support or flexible payment plan
SP-00649,58,92.54,12,0,0,3.1,0,28,Professional,Partner,Germany,0,0.48048772028151104,Medium,Send re-engagement journey
SP-01409,1,57.68,7,2,0,3.4,0,11,Basic,Paid,Portugal,0,0.4800370002094019,Medium,Send personalized content recommendation
SP-01056,60,115.97,9,2,0,3.0,1,24,Professional,Organic,Germany,0,0.479832714224669,Medium,Send re-engagement journey
SP-01235,39,180.43,8,3,0,2.5,0,22,Basic,Paid,Germany,0,0.4797934279106959,Medium,Send re-engagement journey
SP-00377,45,81.51,9,4,2,4.3,1,22,Basic,Organic,Germany,0,0.4796532507873647,Medium,Send re-engagement journey
SP-00684,58,124.79,8,1,2,3.0,1,12,Basic,Referral,Portugal,0,0.47963295566071107,Medium,Send personalized content recommendation
SP-02090,2,168.64,3,4,1,3.2,1,3,Basic,Paid,Germany,0,0.47962064360278034,Medium,Send personalized content recommendation
SP-02018,44,99.22,11,5,3,3.3,0,20,Basic,Paid,Portugal,0,0.4789342500125765,Medium,Escalate unresolved service issues
SP-01712,29,54.8,8,8,1,4.3,1,34,Enterprise,Paid,Portugal,0,0.4789286146881817,Medium,Send re-engagement journey
SP-00983,33,98.94,7,6,1,3.3,1,15,Professional,Referral,Germany,0,0.47876907181989947,Medium,Send personalized content recommendation
SP-02417,38,87.8,6,2,1,3.8,1,14,Basic,Organic,Germany,0,0.47865776313819497,Medium,Send personalized content recommendation
SP-00980,34,86.0,5,3,0,2.6,1,6,Basic,Organic,Germany,0,0.47840542587318263,Medium,Send personalized content recommendation
SP-02043,45,63.72,7,3,0,4.2,2,23,Basic,Paid,Germany,0,0.47837847857538535,Medium,Offer billing support or flexible payment plan
SP-01512,14,63.52,7,3,0,3.4,1,9,Professional,Organic,United Kingdom,0,0.47779629332949514,Medium,Send personalized content recommendation
SP-00744,17,52.19,7,3,1,4.3,0,19,Basic,Paid,Germany,0,0.4777686999406113,Medium,Send personalized content recommendation
SP-01777,20,114.81,10,0,1,3.1,1,5,Basic,Referral,Germany,0,0.47760903684086126,Medium,Send personalized content recommendation
SP-01100,27,103.57,7,3,1,4.6,1,22,Professional,Organic,United Kingdom,0,0.4775061979146711,Medium,Send re-engagement journey
SP-01257,14,95.02,9,6,1,3.0,1,9,Basic,Referral,Portugal,1,0.47709390296854504,Medium,Send personalized content recommendation
SP-01896,52,39.9,13,7,0,5.0,0,50,Basic,Partner,Germany,1,0.4770352243251756,Medium,Send re-engagement journey
SP-00787,2,82.62,14,8,1,2.2,0,9,Professional,Partner,United Kingdom,0,0.4770120186481503,Medium,Send personalized content recommendation
SP-01529,2,95.45,7,0,0,4.1,1,18,Enterprise,Paid,Germany,0,0.4768203419886836,Medium,Send personalized content recommendation
SP-02455,50,126.26,12,3,1,3.8,1,30,Basic,Paid,Germany,0,0.4765672519632199,Medium,Send re-engagement journey
SP-01443,57,60.87,7,2,2,4.6,0,27,Professional,Organic,United Kingdom,0,0.4760965080206867,Medium,Send re-engagement journey
SP-02373,4,76.31,6,3,0,3.1,0,10,Basic,Paid,Portugal,1,0.4760738173347843,Medium,Send personalized content recommendation
SP-02275,11,101.87,6,7,2,5.0,2,18,Professional,Paid,Germany,0,0.4758116013299543,Medium,Offer billing support or flexible payment plan
SP-01818,16,69.78,9,2,0,3.3,1,9,Basic,Organic,United Kingdom,1,0.47566192146621455,Medium,Send personalized content recommendation
SP-02279,23,104.71,8,2,2,3.5,1,7,Basic,Paid,Germany,1,0.47562529629997025,Medium,Send personalized content recommendation
SP-01768,29,96.74,13,3,0,2.7,1,18,Professional,Organic,Portugal,0,0.47556089627073517,Medium,Send personalized content recommendation
SP-00891,6,208.11,11,1,0,2.8,0,16,Professional,Partner,Germany,0,0.4754717730688138,Medium,Send personalized content recommendation
SP-00881,6,88.9,3,4,0,3.3,1,3,Professional,Partner,United Kingdom,0,0.4754001909954126,Medium,Send personalized content recommendation
SP-01758,37,59.77,9,3,0,3.3,1,16,Basic,Organic,United Kingdom,0,0.47525962789848814,Medium,Send personalized content recommendation
SP-02163,25,43.06,5,1,2,2.8,0,5,Enterprise,Paid,Portugal,0,0.47524044742509636,Medium,Send personalized content recommendation
SP-00184,42,62.56,9,4,2,3.4,2,12,Enterprise,Referral,United Kingdom,0,0.475113853735021,Medium,Offer billing support or flexible payment plan
SP-02269,8,90.1,9,3,1,3.1,0,7,Basic,Partner,Germany,0,0.4749400419207119,Medium,Send personalized content recommendation
SP-00271,18,109.31,5,4,0,2.9,1,8,Basic,Organic,Portugal,0,0.4749077216795238,Medium,Send personalized content recommendation
SP-02307,20,69.25,4,5,1,3.0,2,1,Professional,Paid,Portugal,0,0.4740511310573431,Medium,Offer billing support or flexible payment plan
SP-01258,34,112.27,9,1,1,2.8,0,13,Basic,Paid,Germany,0,0.4733211249942101,Medium,Send personalized content recommendation
SP-00240,38,67.42,5,0,4,4.4,0,11,Enterprise,Partner,Germany,1,0.4732546996216175,Medium,Escalate unresolved service issues
SP-02130,20,41.9,7,6,0,3.1,0,14,Professional,Referral,United Kingdom,0,0.4730836405376159,Medium,Send personalized content recommendation
SP-02109,17,93.3,10,3,2,3.5,1,8,Basic,Paid,Germany,0,0.4726203160124724,Medium,Send personalized content recommendation
SP-01182,56,113.58,5,2,3,3.3,0,12,Professional,Paid,United Kingdom,0,0.4720132625855077,Medium,Escalate unresolved service issues
SP-02232,5,99.47,14,1,0,4.3,3,14,Basic,Referral,Portugal,0,0.4715868128204546,Medium,Offer billing support or flexible payment plan
SP-00887,4,148.05,5,1,0,3.6,0,12,Professional,Organic,United Kingdom,0,0.47154574152690104,Medium,Send personalized content recommendation
SP-01859,32,67.98,11,4,3,3.6,2,10,Enterprise,Organic,Germany,0,0.471508156747282,Medium,Offer billing support or flexible payment plan
SP-02340,6,65.24,7,1,0,3.0,0,4,Basic,Organic,Germany,0,0.47093313857064,Medium,Send personalized content recommendation
SP-00978,35,50.44,10,4,1,3.8,1,20,Professional,Paid,United Kingdom,1,0.4707006767353033,Medium,Send personalized content recommendation
SP-00820,60,93.58,8,4,3,3.1,1,9,Basic,Partner,Germany,1,0.47062146296321755,Medium,Escalate unresolved service issues
SP-01270,3,72.41,10,6,2,3.9,0,12,Basic,Organic,United Kingdom,0,0.47016149529439105,Medium,Send personalized content recommendation
SP-01943,53,100.36,8,5,2,3.2,1,14,Basic,Organic,United Kingdom,1,0.47008951754691497,Medium,Send personalized content recommendation
SP-01357,21,74.0,7,5,2,3.3,0,15,Enterprise,Referral,Portugal,0,0.4699298657628784,Medium,Send personalized content recommendation
SP-00232,52,61.94,16,1,1,4.2,1,30,Basic,Referral,Germany,0,0.46981453807527374,Medium,Send re-engagement journey
SP-00928,19,58.76,6,3,0,2.8,0,9,Professional,Partner,Portugal,0,0.46978180013563425,Medium,Send personalized content recommendation
SP-01009,45,44.8,9,1,0,2.8,0,15,Basic,Organic,Germany,0,0.46977425771007697,Medium,Send personalized content recommendation
SP-00775,51,121.05,6,1,3,3.4,1,6,Professional,Organic,Germany,1,0.46940780836832924,Medium,Escalate unresolved service issues
SP-00737,44,76.45,9,2,2,3.6,1,12,Professional,Referral,Germany,0,0.4693522471310503,Medium,Send personalized content recommendation
SP-01730,7,69.91,9,3,1,3.7,2,9,Enterprise,Organic,Germany,0,0.46836080936618935,Medium,Offer billing support or flexible payment plan
SP-01351,4,43.93,6,8,1,3.0,0,5,Basic,Organic,Germany,0,0.46803462763431447,Medium,Send personalized content recommendation
SP-01815,54,69.22,8,2,1,4.0,1,29,Enterprise,Partner,Portugal,0,0.467574116055872,Medium,Send re-engagement journey
SP-02162,15,99.84,9,1,2,4.8,1,13,Basic,Referral,United Kingdom,1,0.4672370134408211,Medium,Send personalized content recommendation
SP-01038,1,129.92,9,4,2,4.0,1,9,Professional,Organic,Germany,0,0.466884664540451,Medium,Send personalized content recommendation
SP-02440,4,51.25,5,7,2,3.3,0,7,Enterprise,Organic,United Kingdom,1,0.46647849368410504,Medium,Send personalized content recommendation
SP-00319,57,93.11,7,4,2,5.0,0,42,Enterprise,Paid,United Kingdom,1,0.46598960193124,Medium,Send re-engagement journey
SP-00327,15,111.48,8,6,3,4.0,1,13,Enterprise,Referral,United Kingdom,0,0.4656242043708552,Medium,Escalate unresolved service issues
SP-01288,15,98.74,7,2,2,4.8,0,20,Professional,Organic,Portugal,1,0.4655112676765939,Medium,Send personalized content recommendation
SP-00960,25,64.78,6,4,0,2.8,0,9,Basic,Partner,United Kingdom,0,0.4652189379460151,Medium,Send personalized content recommendation
SP-00519,29,127.98,7,8,1,3.4,3,10,Professional,Organic,Germany,1,0.46495517317385177,Medium,Offer billing support or flexible payment plan
SP-00873,7,91.33,6,3,1,3.3,0,6,Professional,Organic,Germany,0,0.464077737270157,Medium,Send personalized content recommendation
SP-02311,17,66.53,11,1,0,3.5,2,8,Professional,Referral,Germany,0,0.4638669688485951,Medium,Offer billing support or flexible payment plan
SP-01333,26,68.65,9,6,1,3.5,2,11,Basic,Paid,United Kingdom,1,0.4637954741046022,Medium,Offer billing support or flexible payment plan
SP-01983,4,64.11,10,1,4,5.0,1,4,Basic,Organic,Portugal,0,0.4637534795316252,Medium,Escalate unresolved service issues
SP-00864,47,139.67,10,0,1,3.9,2,17,Basic,Referral,Germany,0,0.46366131581013,Medium,Offer billing support or flexible payment plan
SP-02447,47,98.22,9,5,2,2.9,0,25,Enterprise,Paid,Portugal,0,0.4636521419671153,Medium,Send re-engagement journey
SP-00957,25,100.26,4,2,2,3.7,1,8,Enterprise,Partner,Germany,0,0.46322803328682205,Medium,Send personalized content recommendation
SP-01433,11,79.08,5,3,1,3.6,1,11,Enterprise,Paid,Germany,0,0.46296853589932396,Medium,Send personalized content recommendation
SP-01211,38,56.7,5,2,2,3.8,1,7,Basic,Organic,Portugal,0,0.4627644746221929,Medium,Send personalized content recommendation
SP-00644,29,126.75,5,5,2,4.7,1,21,Basic,Paid,Germany,0,0.462550850681939,Medium,Send re-engagement journey
SP-00164,25,80.95,9,4,1,4.1,0,28,Enterprise,Referral,Germany,0,0.46204638889311334,Medium,Send re-engagement journey
SP-01432,12,77.11,6,4,1,3.5,1,3,Basic,Referral,United Kingdom,0,0.4620092526258961,Medium,Send personalized content recommendation
SP-01861,45,98.01,11,1,0,3.7,0,29,Professional,Organic,United Kingdom,1,0.461660986300742,Medium,Send re-engagement journey
SP-01844,51,104.8,5,1,1,4.5,0,27,Professional,Organic,United Kingdom,0,0.46143728193588845,Medium,Send re-engagement journey
SP-02253,15,75.51,12,8,0,3.3,1,20,Basic,Organic,Germany,1,0.46115157658500816,Medium,Send personalized content recommendation
SP-00976,14,97.36,9,2,0,3.0,1,13,Enterprise,Partner,Germany,0,0.46109200017889523,Medium,Send personalized content recommendation
SP-02028,58,89.69,5,5,4,3.4,1,4,Basic,Organic,Germany,0,0.4608138881996897,Medium,Escalate unresolved service issues
SP-01945,23,55.26,6,5,1,3.0,1,5,Professional,Paid,United Kingdom,0,0.4606508590238385,Medium,Send personalized content recommendation
SP-01153,26,64.72,3,0,2,4.3,0,8,Basic,Organic,Portugal,0,0.4606374436501965,Medium,Send personalized content recommendation
SP-00373,25,65.85,3,6,1,3.4,1,6,Professional,Partner,Germany,0,0.4605294234220745,Medium,Send personalized content recommendation
SP-01046,10,125.18,9,4,1,4.4,1,18,Basic,Partner,Germany,0,0.45987007274808694,Medium,Send personalized content recommendation
SP-00575,1,132.21,5,3,0,3.6,0,20,Enterprise,Paid,Germany,0,0.4598023376247179,Medium,Send personalized content recommendation
SP-00442,19,120.2,8,4,0,4.2,1,23,Professional,Partner,Germany,0,0.4597248808770526,Medium,Send re-engagement journey
SP-00353,18,44.53,7,4,1,4.7,1,16,Basic,Organic,United Kingdom,0,0.45905118042415777,Medium,Send personalized content recommendation
SP-01276,43,79.6,9,3,1,3.9,0,27,Professional,Paid,Germany,0,0.45881933465095615,Medium,Send re-engagement journey
SP-02222,10,111.29,21,5,3,3.4,0,20,Basic,Paid,United Kingdom,0,0.45852890461582213,Medium,Escalate unresolved service issues
SP-00930,35,115.6,6,1,0,3.4,1,15,Basic,Paid,Germany,0,0.4581245824385406,Medium,Send personalized content recommendation
SP-00992,33,77.55,9,4,1,4.4,0,28,Professional,Organic,Germany,0,0.4580600570740398,Medium,Send re-engagement journey
SP-02394,14,71.53,9,4,1,4.3,1,16,Professional,Partner,Germany,1,0.4574041986404564,Medium,Send personalized content recommendation
SP-01706,52,91.53,15,5,2,2.6,2,10,Basic,Referral,United Kingdom,0,0.4572652858231693,Medium,Offer billing support or flexible payment plan
SP-00567,14,110.3,5,4,0,3.5,1,10,Basic,Organic,Germany,0,0.45688303495541105,Medium,Send personalized content recommendation
SP-01580,37,72.32,6,1,1,4.2,2,9,Basic,Referral,Germany,1,0.45659619477581,Medium,Offer billing support or flexible payment plan
SP-02235,36,35.88,5,2,1,3.0,0,7,Professional,Paid,United Kingdom,0,0.4563264098575456,Medium,Send personalized content recommendation
SP-01078,10,85.67,9,3,0,4.4,0,25,Basic,Paid,United Kingdom,0,0.4558582775406656,Medium,Send re-engagement journey
SP-02238,17,75.66,6,5,2,3.4,0,7,Basic,Organic,Portugal,1,0.4558280987130422,Medium,Send personalized content recommendation
SP-01886,11,94.0,7,7,3,3.7,1,4,Basic,Paid,Germany,0,0.45531240380217824,Medium,Escalate unresolved service issues
SP-01776,8,78.16,6,4,1,5.0,3,9,Basic,Referral,Portugal,0,0.45493816342976773,Medium,Offer billing support or flexible payment plan
SP-02121,47,126.64,3,3,3,3.7,1,7,Professional,Referral,Portugal,0,0.4548756510711436,Medium,Escalate unresolved service issues
SP-01480,25,95.93,5,3,2,3.9,1,6,Professional,Organic,United Kingdom,1,0.45482368416508895,Medium,Send personalized content recommendation
SP-01957,32,85.9,6,3,0,4.0,0,23,Basic,Organic,Germany,0,0.45473152519419624,Medium,Send re-engagement journey
SP-01880,7,132.75,6,1,0,4.1,1,14,Basic,Paid,Germany,0,0.45458854306129803,Medium,Send personalized content recommendation
SP-01482,1,103.99,7,1,0,3.8,0,14,Professional,Organic,Portugal,0,0.4543724311112221,Medium,Send personalized content recommendation
SP-00800,27,67.36,9,2,0,3.3,0,16,Basic,Organic,Germany,0,0.4536402558117479,Medium,Send personalized content recommendation
SP-00282,30,95.65,9,1,1,3.7,1,12,Basic,Organic,Germany,0,0.45351669408110684,Medium,Send personalized content recommendation
SP-02415,23,79.54,10,1,0,2.4,1,5,Professional,Organic,Portugal,0,0.45348536738060136,Medium,Send personalized content recommendation
SP-02258,40,108.02,9,2,3,4.2,2,8,Basic,Organic,Germany,1,0.453229065015353,Medium,Offer billing support or flexible payment plan
SP-00984,39,43.9,10,3,5,4.9,0,17,Professional,Paid,Portugal,0,0.45299052416910107,Medium,Escalate unresolved service issues
SP-00786,36,88.0,8,3,2,3.7,1,10,Basic,Organic,Germany,0,0.4526199613169989,Medium,Send personalized content recommendation
SP-00604,9,88.23,11,3,2,3.9,0,14,Professional,Paid,United Kingdom,0,0.45251751264883255,Medium,Send personalized content recommendation
SP-00278,47,238.93,6,1,2,3.2,1,13,Professional,Partner,Germany,0,0.45231296137183685,Medium,Send personalized content recommendation
SP-01794,17,85.72,9,2,1,3.4,0,10,Professional,Referral,United Kingdom,0,0.45202758800793974,Medium,Send personalized content recommendation
SP-02281,46,61.66,8,3,0,3.0,2,9,Basic,Referral,Germany,1,0.4519568295406078,Medium,Offer billing support or flexible payment plan
SP-00307,19,155.64,5,7,0,3.3,1,18,Professional,Paid,United Kingdom,0,0.451552782466199,Medium,Send personalized content recommendation
SP-01378,46,104.55,5,1,3,3.7,1,5,Basic,Paid,Germany,0,0.4514577402260881,Medium,Escalate unresolved service issues
SP-01076,10,92.51,8,2,0,4.0,0,21,Basic,Paid,Portugal,0,0.45045660748404404,Medium,Send re-engagement journey
SP-00384,15,66.59,10,4,0,3.7,0,19,Basic,Referral,Germany,0,0.4503063822856627,Medium,Send personalized content recommendation
SP-01406,10,73.85,2,4,2,5.0,0,12,Professional,Partner,United Kingdom,0,0.44999390631983915,Medium,Send personalized content recommendation
SP-02114,55,144.74,8,1,1,2.8,4,1,Professional,Referral,Portugal,0,0.4485980294049014,Medium,Offer billing support or flexible payment plan
SP-00753,6,52.8,5,6,1,4.0,2,3,Basic,Partner,Portugal,0,0.44843337003827766,Medium,Offer billing support or flexible payment plan
SP-02488,4,158.8,7,2,0,4.9,1,22,Basic,Partner,Germany,0,0.4482733633195151,Medium,Send re-engagement journey
SP-01386,15,114.41,9,3,3,4.2,0,11,Professional,Referral,Germany,0,0.44770116182553527,Medium,Escalate unresolved service issues
SP-02023,40,76.49,11,5,1,2.6,0,16,Professional,Organic,Germany,0,0.4473975688940368,Medium,Send personalized content recommendation
SP-01870,47,111.71,5,4,0,4.0,2,22,Professional,Paid,United Kingdom,0,0.4460509012465943,Medium,Offer billing support or flexible payment plan
SP-01839,14,192.03,6,4,4,3.5,0,3,Basic,Paid,Germany,0,0.4457786615587872,Medium,Escalate unresolved service issues
SP-02041,18,120.27,5,5,0,3.1,1,8,Basic,Organic,United Kingdom,0,0.4453461484208745,Medium,Send personalized content recommendation
SP-00004,27,83.04,7,3,0,3.8,2,14,Professional,Paid,Germany,0,0.44410878267506354,Medium,Offer billing support or flexible payment plan
SP-01939,58,63.28,13,2,4,4.7,2,17,Basic,Paid,Germany,0,0.44408808954135953,Medium,Offer billing support or flexible payment plan
SP-01900,21,42.69,5,4,1,4.5,1,11,Basic,Referral,United Kingdom,0,0.4438320270197508,Medium,Send personalized content recommendation
SP-01472,42,39.51,9,7,2,3.5,0,25,Enterprise,Paid,United Kingdom,0,0.4434453296748814,Medium,Send re-engagement journey
SP-01793,21,47.85,2,3,2,4.5,0,8,Professional,Partner,Germany,0,0.4429216967971041,Medium,Send personalized content recommendation
SP-01450,7,29.29,7,7,2,4.5,0,15,Basic,Paid,Germany,0,0.4428521594425931,Medium,Send personalized content recommendation
SP-00847,10,85.31,4,8,0,3.9,2,11,Basic,Paid,United Kingdom,0,0.44277663597920885,Medium,Offer billing support or flexible payment plan
SP-01869,2,152.1,11,4,1,4.2,0,26,Professional,Paid,Portugal,0,0.4426989637478428,Medium,Send re-engagement journey
SP-02127,19,84.4,9,4,0,3.6,2,11,Professional,Partner,Germany,0,0.4425402959046693,Medium,Offer billing support or flexible payment plan
SP-02338,50,53.97,10,4,1,2.5,0,13,Basic,Organic,Germany,0,0.44241052422395355,Medium,Send personalized content recommendation
SP-02331,4,106.77,12,1,0,3.4,0,15,Professional,Organic,Germany,0,0.442343651382612,Medium,Send personalized content recommendation
SP-01402,15,98.2,8,2,2,3.3,1,3,Professional,Paid,Portugal,0,0.44214591549090887,Medium,Send personalized content recommendation
SP-00533,10,131.49,9,4,1,3.8,1,15,Professional,Paid,Germany,0,0.4418653269354233,Medium,Send personalized content recommendation
SP-00626,14,110.76,7,4,3,4.7,1,9,Basic,Organic,Germany,0,0.4417617540795265,Medium,Escalate unresolved service issues
SP-00258,7,85.94,5,1,0,3.7,0,11,Professional,Paid,Germany,0,0.44167458146208644,Medium,Send personalized content recommendation
SP-00674,6,86.24,6,2,1,5.0,0,18,Basic,Organic,Germany,0,0.44135754869525456,Medium,Send personalized content recommendation
SP-01551,17,84.96,6,1,2,5.0,2,9,Professional,Organic,Portugal,0,0.44094154107568784,Medium,Offer billing support or flexible payment plan
SP-01925,22,59.31,3,2,1,3.4,0,4,Basic,Organic,Portugal,0,0.4408104499496446,Medium,Send personalized content recommendation
SP-01908,10,40.98,5,4,1,3.4,0,11,Enterprise,Paid,Germany,0,0.44027374641882966,Medium,Send personalized content recommendation
SP-00544,11,98.51,4,2,2,4.1,0,10,Enterprise,Partner,United Kingdom,1,0.44009150552854476,Medium,Send personalized content recommendation
SP-00211,16,125.07,12,2,1,3.7,0,19,Professional,Organic,Germany,0,0.4395692054029,Medium,Send personalized content recommendation
SP-00801,1,67.32,7,2,1,4.1,1,4,Professional,Partner,Germany,0,0.4392689627952897,Medium,Send personalized content recommendation
SP-01098,46,112.86,8,0,1,2.8,1,6,Basic,Organic,Germany,0,0.43867387968926275,Medium,Send personalized content recommendation
SP-01050,8,110.13,14,6,1,3.7,3,11,Professional,Paid,United Kingdom,0,0.4383086601046309,Medium,Offer billing support or flexible payment plan
SP-00884,10,81.47,8,4,2,3.8,0,7,Basic,Organic,United Kingdom,0,0.43826506754170624,Medium,Send personalized content recommendation
SP-00824,40,109.49,9,3,2,3.4,1,11,Professional,Organic,Germany,0,0.43794641457039796,Medium,Send personalized content recommendation
SP-00877,33,147.38,9,6,0,2.5,1,23,Enterprise,Paid,Germany,0,0.43794053003927,Medium,Send re-engagement journey
SP-01991,32,70.4,10,2,2,3.1,0,8,Basic,Paid,United Kingdom,0,0.4377276284409712,Medium,Send personalized content recommendation
SP-01897,35,45.09,0,3,1,3.7,1,2,Professional,Partner,Germany,0,0.4375040595102727,Medium,Send personalized content recommendation
SP-00921,53,51.58,7,3,0,2.5,2,7,Professional,Organic,Portugal,0,0.4374374684822942,Medium,Offer billing support or flexible payment plan
SP-02472,6,121.18,7,1,1,3.6,1,2,Basic,Organic,Germany,0,0.4372271553265821,Medium,Send personalized content recommendation
SP-00914,59,80.47,9,2,0,4.5,3,24,Professional,Organic,United Kingdom,0,0.43694127026410146,Medium,Offer billing support or flexible payment plan
SP-01671,46,94.69,12,2,2,2.4,1,4,Professional,Referral,Germany,0,0.4364246824609563,Medium,Send personalized content recommendation
SP-00874,8,48.65,9,8,1,3.0,0,7,Basic,Referral,United Kingdom,0,0.4362162345208449,Medium,Send personalized content recommendation
SP-00204,42,135.05,5,3,3,4.5,1,13,Basic,Organic,Germany,0,0.4358799528224394,Medium,Escalate unresolved service issues
SP-01727,57,60.88,4,4,1,2.9,0,13,Basic,Paid,United Kingdom,0,0.43532873949062584,Medium,Send personalized content recommendation
SP-01019,3,91.39,6,4,1,4.2,0,13,Professional,Organic,Germany,0,0.43527831007198836,Medium,Send personalized content recommendation
SP-00011,32,31.01,10,6,3,3.6,0,9,Basic,Partner,Germany,0,0.4351954696549295,Medium,Escalate unresolved service issues
SP-02079,16,50.49,8,3,0,5.0,2,19,Professional,Organic,Germany,1,0.4346315799134874,Medium,Offer billing support or flexible payment plan
SP-00021,31,60.03,6,1,1,3.3,1,7,Enterprise,Referral,United Kingdom,0,0.4339346567444731,Medium,Send personalized content recommendation
SP-01635,25,61.28,9,4,0,3.0,0,18,Professional,Paid,Portugal,0,0.43369956378468494,Medium,Send personalized content recommendation
SP-01509,52,276.44,10,2,3,4.1,3,18,Basic,Paid,Germany,0,0.4333736520625025,Medium,Offer billing support or flexible payment plan
SP-01530,56,69.35,14,4,4,2.5,0,6,Basic,Organic,Germany,0,0.433335960004826,Medium,Escalate unresolved service issues
SP-01619,8,55.79,11,3,1,3.1,1,3,Professional,Referral,Portugal,0,0.43331026244819415,Medium,Send personalized content recommendation
SP-00216,17,80.47,6,1,1,3.9,0,10,Basic,Paid,United Kingdom,0,0.43263877679091184,Medium,Send personalized content recommendation
SP-02195,40,99.95,4,3,0,4.0,0,22,Basic,Organic,United Kingdom,0,0.43252357394793356,Medium,Send re-engagement journey
SP-00610,52,55.28,6,1,0,3.5,1,13,Basic,Referral,United Kingdom,0,0.43232895323910225,Medium,Send personalized content recommendation
SP-01491,17,72.38,8,2,1,3.2,0,5,Professional,Referral,United Kingdom,0,0.43192424281911235,Medium,Send personalized content recommendation
SP-00122,41,71.53,7,7,1,2.5,0,13,Professional,Partner,Portugal,1,0.4315757103988275,Medium,Send personalized content recommendation
SP-00623,10,79.27,5,3,1,3.8,1,9,Enterprise,Organic,Germany,0,0.43127590489911943,Medium,Send personalized content recommendation
SP-00799,19,72.48,7,3,2,3.7,0,6,Basic,Organic,Germany,0,0.43121761306692574,Medium,Send personalized content recommendation
SP-00685,11,97.33,8,4,1,4.4,0,20,Basic,Paid,United Kingdom,1,0.4308386936103123,Medium,Send personalized content recommendation
SP-02075,42,96.35,7,4,1,2.9,0,16,Basic,Paid,Portugal,0,0.4304683173281403,Medium,Send personalized content recommendation
SP-02352,46,121.43,8,7,2,3.5,2,14,Basic,Organic,Portugal,0,0.4303815324523599,Medium,Offer billing support or flexible payment plan
SP-02421,16,74.46,8,5,1,4.4,0,22,Basic,Paid,Germany,0,0.42998163358200436,Medium,Send re-engagement journey
SP-01903,44,73.14,4,3,1,2.9,0,8,Professional,Organic,Germany,0,0.4296534849802394,Medium,Send personalized content recommendation
SP-01902,32,100.91,8,3,2,4.0,2,6,Basic,Referral,Germany,0,0.4295363726267021,Medium,Offer billing support or flexible payment plan
SP-01008,31,48.02,5,2,0,5.0,0,25,Basic,Partner,United Kingdom,0,0.42927797268869544,Medium,Send re-engagement journey
SP-01367,19,74.37,10,3,1,4.1,0,18,Basic,Organic,Germany,0,0.4287855701486115,Medium,Send personalized content recommendation
SP-00339,13,60.4,11,3,2,3.9,0,10,Basic,Organic,Germany,0,0.42867015096702116,Medium,Send personalized content recommendation
SP-00845,1,67.27,10,3,1,3.8,0,9,Professional,Referral,United Kingdom,0,0.42810119129483765,Medium,Send personalized content recommendation
SP-01487,10,60.33,9,2,2,3.5,0,6,Professional,Paid,Portugal,0,0.42793974511573546,Medium,Send personalized content recommendation
SP-00133,6,79.0,11,6,2,3.8,0,13,Basic,Paid,United Kingdom,0,0.4279262218569039,Medium,Send personalized content recommendation
SP-00719,15,36.72,6,5,0,4.0,0,16,Basic,Organic,Germany,0,0.42768417151080124,Medium,Send personalized content recommendation
SP-01095,20,99.7,7,3,2,5.0,1,15,Basic,Organic,United Kingdom,0,0.4276667493604458,Medium,Send personalized content recommendation
SP-02293,15,82.69,12,4,0,3.7,1,16,Basic,Referral,United Kingdom,0,0.4275905039460644,Medium,Send personalized content recommendation
SP-01214,53,80.19,7,5,2,4.2,3,10,Basic,Partner,Germany,0,0.4275176664435487,Medium,Offer billing support or flexible payment plan
SP-00467,10,72.48,6,1,2,4.4,0,6,Basic,Organic,Germany,0,0.4274715253755349,Medium,Send personalized content recommendation
SP-00222,28,114.75,8,3,2,4.0,2,7,Basic,Referral,Portugal,0,0.42690340630872425,Medium,Offer billing support or flexible payment plan
SP-00176,28,90.5,6,3,3,3.4,0,2,Basic,Paid,United Kingdom,0,0.4259215393008005,Medium,Escalate unresolved service issues
SP-01761,24,65.92,13,3,2,3.7,2,4,Basic,Partner,United Kingdom,0,0.42587722263563843,Medium,Offer billing support or flexible payment plan
SP-00852,49,171.6,11,3,0,1.6,0,14,Basic,Referral,Germany,0,0.4257253913623124,Medium,Send personalized content recommendation
SP-01646,18,55.61,6,1,1,5.0,0,17,Basic,Referral,Germany,0,0.42536984883818363,Medium,Send personalized content recommendation
SP-01359,7,121.02,8,2,1,2.7,0,6,Enterprise,Partner,Germany,0,0.4253096674319365,Medium,Send personalized content recommendation
SP-00748,19,80.66,9,4,1,3.9,2,9,Basic,Organic,Portugal,1,0.42489085621976,Medium,Offer billing support or flexible payment plan
SP-01202,29,60.87,10,2,1,3.4,0,12,Professional,Partner,United Kingdom,0,0.4246651614528305,Medium,Send personalized content recommendation
SP-01264,50,72.16,8,2,3,4.0,0,13,Professional,Partner,United Kingdom,0,0.42442512358288387,Medium,Escalate unresolved service issues
SP-00917,33,104.79,7,2,2,3.6,1,11,Enterprise,Organic,United Kingdom,1,0.424386824198301,Medium,Send personalized content recommendation
SP-01107,15,84.88,10,3,1,2.8,0,6,Basic,Paid,United Kingdom,0,0.4238848623883618,Medium,Send personalized content recommendation
SP-00055,30,135.81,11,1,0,2.7,0,15,Professional,Referral,Germany,0,0.4238407482747363,Medium,Send personalized content recommendation
SP-00252,30,67.52,7,1,1,4.3,1,12,Basic,Organic,Germany,0,0.42375150735251615,Medium,Send personalized content recommendation
SP-02427,10,120.48,8,4,1,3.2,1,11,Enterprise,Referral,Portugal,0,0.42371058244140847,Medium,Send personalized content recommendation
SP-01238,8,106.43,10,4,3,3.6,0,5,Basic,Organic,Portugal,0,0.42338417272765083,Medium,Escalate unresolved service issues
SP-01882,16,132.4,4,2,2,5.0,0,19,Basic,Paid,Portugal,0,0.42248137503947136,Medium,Send personalized content recommendation
SP-00540,2,221.13,10,6,2,3.6,0,22,Enterprise,Organic,Germany,0,0.4222742185212965,Medium,Send re-engagement journey
SP-00077,20,119.79,10,3,1,4.9,0,30,Basic,Paid,Germany,0,0.42184453594306043,Medium,Send re-engagement journey
SP-00872,13,105.15,4,4,1,4.2,0,12,Basic,Referral,Germany,0,0.4218296315958697,Medium,Send personalized content recommendation
SP-00669,56,80.84,8,2,0,3.7,3,14,Professional,Organic,Germany,0,0.4204154031598663,Medium,Offer billing support or flexible payment plan
SP-00746,22,78.55,11,1,0,3.5,0,16,Professional,Referral,United Kingdom,0,0.4198740294581034,Medium,Send personalized content recommendation
SP-00785,29,129.56,6,2,2,3.3,2,4,Enterprise,Referral,Portugal,0,0.41985517832925995,Medium,Offer billing support or flexible payment plan
SP-00886,45,47.52,9,0,1,5.0,2,19,Professional,Partner,Germany,1,0.41983379574009205,Medium,Offer billing support or flexible payment plan
SP-01795,29,137.7,12,6,0,2.8,1,18,Professional,Referral,United Kingdom,0,0.41978779460750854,Medium,Send personalized content recommendation
SP-00106,48,77.45,7,4,1,4.4,3,13,Basic,Referral,Germany,0,0.419737813606523,Medium,Offer billing support or flexible payment plan
SP-00296,32,71.08,9,4,1,3.3,1,9,Professional,Referral,United Kingdom,0,0.4197255895117815,Medium,Send personalized content recommendation
SP-01104,10,52.34,9,6,2,3.1,0,4,Professional,Partner,Portugal,0,0.4196232999377154,Medium,Send personalized content recommendation
SP-00107,47,146.91,6,4,2,3.2,2,5,Professional,Organic,United Kingdom,0,0.4193657943936449,Medium,Offer billing support or flexible payment plan
SP-01067,56,76.7,8,5,4,3.3,1,5,Professional,Partner,Portugal,0,0.4192924431652651,Medium,Escalate unresolved service issues
SP-02282,22,99.26,11,2,1,4.6,0,24,Basic,Partner,Germany,0,0.4190864007009501,Medium,Send re-engagement journey
SP-00186,27,123.59,9,4,1,3.8,2,10,Basic,Partner,United Kingdom,0,0.4190637462126252,Medium,Offer billing support or flexible payment plan
SP-00161,60,55.86,9,2,3,5.0,1,20,Basic,Partner,United Kingdom,0,0.4190219570529037,Medium,Escalate unresolved service issues
SP-02139,33,55.47,9,4,0,3.3,1,13,Professional,Referral,United Kingdom,0,0.41896023531706256,Medium,Send personalized content recommendation
SP-01737,31,116.71,9,4,0,2.9,1,15,Professional,Organic,Portugal,0,0.41893668983408106,Medium,Send personalized content recommendation
SP-00152,17,35.14,7,2,0,4.1,1,18,Enterprise,Organic,Portugal,0,0.418896324617481,Medium,Send personalized content recommendation
SP-01096,5,62.29,4,6,1,4.3,1,11,Professional,Paid,Portugal,1,0.41853401002924434,Medium,Send personalized content recommendation
SP-01010,32,152.89,10,3,0,3.4,1,26,Enterprise,Organic,Germany,1,0.4179137657211559,Medium,Send re-engagement journey
SP-02233,57,115.89,11,2,3,2.7,1,7,Professional,Paid,Germany,0,0.41757432680023415,Medium,Escalate unresolved service issues
SP-00025,47,126.3,18,4,0,2.5,0,28,Basic,Partner,United Kingdom,1,0.4175483647003343,Medium,Send re-engagement journey
SP-02325,45,122.81,8,3,1,2.9,0,14,Professional,Referral,United Kingdom,0,0.41743668904428366,Medium,Send personalized content recommendation
SP-02283,20,132.1,5,7,1,3.4,0,14,Professional,Partner,Germany,0,0.41706341903828315,Medium,Send personalized content recommendation
SP-01156,36,85.05,10,3,0,4.2,0,28,Basic,Referral,Germany,0,0.4164887116271081,Medium,Send re-engagement journey
SP-01371,53,82.66,6,3,0,3.0,0,17,Basic,Partner,Germany,0,0.4163395864424832,Medium,Send personalized content recommendation
SP-00734,47,77.05,7,2,1,2.9,0,9,Basic,Referral,Germany,0,0.41629650133653645,Medium,Send personalized content recommendation
SP-01474,13,58.93,8,5,3,4.6,0,12,Basic,Paid,Germany,0,0.4162886285807496,Medium,Escalate unresolved service issues
SP-01332,44,85.22,8,2,0,4.2,1,24,Professional,Organic,Germany,0,0.41598872959509586,Medium,Send re-engagement journey
SP-01206,55,62.61,8,3,1,3.7,0,20,Basic,Referral,United Kingdom,0,0.41598112536930343,Medium,Send personalized content recommendation
SP-00732,26,104.2,8,3,1,3.5,1,9,Professional,Organic,United Kingdom,0,0.4155913334061269,Medium,Send personalized content recommendation
SP-00169,21,72.45,3,4,2,3.6,0,9,Enterprise,Paid,United Kingdom,0,0.4152331909892233,Medium,Send personalized content recommendation
SP-01237,1,87.46,10,3,2,4.1,1,5,Basic,Organic,Portugal,0,0.4149166911555608,Medium,Send personalized content recommendation
SP-01965,50,90.84,6,4,1,3.1,2,5,Basic,Referral,Germany,0,0.41483196751715173,Medium,Offer billing support or flexible payment plan
SP-00727,44,75.43,10,2,1,3.1,2,11,Enterprise,Referral,Germany,0,0.4140017522067778,Medium,Offer billing support or flexible payment plan
SP-01785,44,95.81,7,2,3,3.7,0,8,Basic,Organic,Germany,0,0.41367977365750064,Medium,Escalate unresolved service issues
SP-01139,45,120.36,10,1,1,4.2,0,28,Professional,Referral,Portugal,0,0.4136217651167785,Medium,Send re-engagement journey
SP-00572,25,156.27,6,2,3,3.7,1,2,Basic,Paid,Germany,0,0.41357584008480575,Medium,Escalate unresolved service issues
SP-00740,54,72.44,3,0,1,3.8,1,10,Basic,Paid,Germany,1,0.41335543346446274,Medium,Send personalized content recommendation
SP-00645,47,137.21,12,2,0,3.8,0,35,Professional,Paid,Germany,0,0.41289025012604536,Medium,Send re-engagement journey
SP-01064,43,41.42,8,7,2,3.1,1,6,Basic,Partner,Germany,0,0.41254986321344533,Medium,Send personalized content recommendation
SP-01813,41,174.66,7,3,1,3.1,0,16,Basic,Partner,Germany,0,0.41208373316136193,Medium,Send personalized content recommendation
SP-02361,39,113.17,8,3,1,2.9,1,8,Basic,Referral,Portugal,0,0.4116522501394833,Medium,Send personalized content recommendation
SP-01113,12,73.22,14,4,3,4.2,0,12,Basic,Partner,Germany,0,0.41120846840311703,Medium,Escalate unresolved service issues
SP-01416,48,62.83,11,5,1,2.4,0,12,Basic,Organic,United Kingdom,0,0.410466995594566,Medium,Send personalized content recommendation
SP-00855,18,64.19,8,3,1,3.4,0,7,Basic,Organic,Germany,0,0.40996648227398164,Medium,Send personalized content recommendation
SP-00657,46,130.37,8,6,0,2.8,1,26,Enterprise,Paid,Germany,0,0.40988452473043274,Medium,Send re-engagement journey
SP-02137,33,106.28,3,5,1,3.6,0,15,Professional,Organic,Portugal,0,0.40935371802545995,Medium,Send personalized content recommendation
SP-01988,13,36.86,8,3,0,4.5,0,21,Professional,Partner,Portugal,0,0.4086648185565846,Medium,Send re-engagement journey
SP-00821,2,156.58,7,1,1,4.0,0,10,Professional,Partner,Germany,0,0.4085575161561145,Medium,Send personalized content recommendation
SP-00291,49,74.49,10,2,0,4.6,1,30,Professional,Organic,United Kingdom,0,0.4080525317488581,Medium,Send re-engagement journey
SP-01802,29,57.85,6,1,1,3.8,1,3,Basic,Referral,United Kingdom,0,0.40771228917493757,Medium,Send personalized content recommendation
SP-00167,20,99.56,7,6,3,4.9,1,13,Professional,Referral,Germany,0,0.407556986032058,Medium,Escalate unresolved service issues
SP-02218,60,110.79,6,2,1,2.3,0,10,Basic,Paid,Germany,0,0.40741604248079727,Medium,Send personalized content recommendation
SP-01390,55,51.92,5,4,0,2.7,0,13,Basic,Organic,Germany,0,0.4072737528881929,Medium,Send personalized content recommendation
SP-00410,1,71.48,9,3,0,3.0,0,6,Basic,Paid,Germany,0,0.40700207296461605,Medium,Send personalized content recommendation
SP-01558,47,56.16,9,0,2,3.6,0,12,Professional,Paid,United Kingdom,0,0.4069993371944462,Medium,Send personalized content recommendation
SP-00157,8,78.74,7,1,0,4.8,1,16,Basic,Organic,Portugal,0,0.4068412515934651,Medium,Send personalized content recommendation
SP-01890,27,78.48,10,0,1,3.0,0,8,Professional,Paid,Germany,0,0.4066540450116076,Medium,Send personalized content recommendation
SP-02490,22,82.26,7,5,2,4.4,0,15,Professional,Referral,United Kingdom,1,0.4066032225646216,Medium,Send personalized content recommendation
SP-01968,29,103.0,6,5,0,2.9,0,14,Basic,Organic,Portugal,0,0.4066016313647246,Medium,Send personalized content recommendation
SP-00103,49,58.59,9,2,2,4.2,1,13,Basic,Referral,United Kingdom,0,0.40654609103303296,Medium,Send personalized content recommendation
SP-01043,25,82.47,6,6,0,3.1,1,11,Professional,Paid,United Kingdom,0,0.4063448741449523,Medium,Send personalized content recommendation
SP-00583,7,43.22,6,1,0,4.4,2,3,Professional,Organic,United Kingdom,0,0.405902402743323,Medium,Offer billing support or flexible payment plan
SP-02057,45,125.77,4,6,0,4.4,1,26,Basic,Referral,United Kingdom,0,0.4058747786349262,Medium,Send re-engagement journey
SP-00158,34,108.81,6,3,2,3.0,1,7,Enterprise,Organic,Portugal,0,0.40564500842874834,Medium,Send personalized content recommendation
SP-01872,13,71.82,10,5,3,3.7,0,10,Enterprise,Referral,Germany,0,0.40556669576067483,Medium,Escalate unresolved service issues
SP-00423,46,65.37,5,3,3,5.0,0,25,Enterprise,Referral,Portugal,0,0.4054677722246292,Medium,Escalate unresolved service issues
SP-00755,34,91.15,4,6,3,4.2,0,11,Professional,Partner,Germany,0,0.40535645104715584,Medium,Escalate unresolved service issues
SP-01811,15,83.98,8,7,1,2.6,0,7,Professional,Organic,Portugal,0,0.40515001129113287,Medium,Send personalized content recommendation
SP-01115,12,64.0,11,5,1,3.3,2,3,Basic,Paid,Germany,0,0.4048591496852533,Medium,Offer billing support or flexible payment plan
SP-00986,40,46.54,5,0,1,4.4,0,16,Basic,Organic,Portugal,0,0.40484432055493197,Medium,Send personalized content recommendation
SP-00486,14,182.8,7,2,2,3.8,0,10,Basic,Referral,Portugal,0,0.40471665899033277,Medium,Send personalized content recommendation
SP-02321,6,71.65,8,2,2,4.5,1,4,Professional,Organic,United Kingdom,0,0.4044574154646491,Medium,Send personalized content recommendation
SP-02115,45,108.6,3,5,0,3.9,1,20,Professional,Organic,Germany,0,0.40442557783014527,Medium,Send personalized content recommendation
SP-00525,20,108.43,9,6,3,3.2,0,4,Professional,Referral,Germany,1,0.4043852922154597,Medium,Escalate unresolved service issues
SP-01321,7,81.33,3,6,0,5.0,2,16,Professional,Paid,Germany,0,0.4036667090708025,Medium,Offer billing support or flexible payment plan
SP-02374,24,42.24,7,7,0,3.7,2,9,Basic,Referral,Germany,0,0.403546606866705,Medium,Offer billing support or flexible payment plan
SP-00975,9,111.4,9,4,1,4.7,3,10,Basic,Paid,Germany,0,0.4033412727346085,Medium,Offer billing support or flexible payment plan
SP-00476,48,61.6,6,3,3,4.5,2,13,Enterprise,Partner,Portugal,0,0.4031719020406715,Medium,Offer billing support or flexible payment plan
SP-00478,2,74.52,8,2,0,4.1,1,9,Professional,Organic,Germany,0,0.4030864465037675,Medium,Send personalized content recommendation
SP-00245,38,30.47,7,3,1,4.3,1,14,Professional,Organic,United Kingdom,0,0.40297689738168385,Medium,Send personalized content recommendation
SP-01514,20,55.83,7,2,0,4.0,0,14,Basic,Organic,United Kingdom,0,0.40292844183496174,Medium,Send personalized content recommendation
SP-00784,8,63.73,7,7,0,3.7,1,10,Basic,Partner,Germany,0,0.40290177283855044,Medium,Send personalized content recommendation
SP-01840,34,50.46,8,3,1,3.4,1,8,Basic,Paid,Germany,0,0.40250827764601044,Medium,Send personalized content recommendation
SP-02181,42,97.24,5,9,2,4.0,0,22,Basic,Paid,United Kingdom,0,0.40177209364898836,Medium,Send re-engagement journey
SP-00946,8,86.19,8,5,1,4.5,0,19,Basic,Paid,United Kingdom,0,0.40175797192246737,Medium,Send personalized content recommendation
SP-00911,47,103.29,7,2,1,4.1,0,24,Professional,Paid,United Kingdom,0,0.40158773593477193,Medium,Send re-engagement journey
SP-02159,49,87.26,9,2,2,4.0,1,16,Professional,Paid,United Kingdom,0,0.40144337082441767,Medium,Send personalized content recommendation
SP-01705,56,106.25,3,4,2,3.6,0,13,Basic,Organic,Germany,0,0.40134513579537473,Medium,Send personalized content recommendation
SP-01103,56,89.28,6,5,1,3.2,0,18,Professional,Referral,Germany,0,0.4004789916999739,Medium,Send personalized content recommendation
SP-02175,14,57.5,10,1,1,4.7,1,16,Basic,Paid,Portugal,0,0.4004023547892601,Medium,Send personalized content recommendation
SP-02221,57,125.13,16,3,0,2.4,0,27,Professional,Partner,Germany,0,0.40038374546506644,Medium,Send re-engagement journey
SP-01362,5,114.9,7,6,2,5.0,0,18,Basic,Organic,United Kingdom,0,0.39984045835857107,Medium,Send personalized content recommendation
SP-02248,11,72.01,13,4,2,3.7,0,12,Basic,Paid,Germany,0,0.39968781304890066,Medium,Send personalized content recommendation
SP-01023,53,160.53,7,5,3,3.8,1,14,Basic,Organic,Germany,0,0.39948308174776553,Medium,Escalate unresolved service issues
SP-02334,50,58.86,8,1,1,3.3,0,12,Professional,Referral,United Kingdom,0,0.3992957132506623,Medium,Send personalized content recommendation
SP-02046,60,43.36,10,3,0,3.4,2,16,Basic,Organic,Germany,0,0.39895340721620887,Medium,Offer billing support or flexible payment plan
SP-02413,56,129.48,9,2,1,2.6,0,15,Professional,Organic,Germany,0,0.3988794307325031,Medium,Send personalized content recommendation
SP-02309,19,74.17,7,2,2,4.4,0,9,Basic,Organic,United Kingdom,1,0.3983810603686999,Medium,Send personalized content recommendation
SP-00480,7,103.05,8,1,1,3.7,1,3,Basic,Paid,Germany,0,0.39832707708857407,Medium,Send personalized content recommendation
SP-00810,60,54.97,5,3,3,4.6,2,9,Basic,Referral,Portugal,0,0.3981573696663573,Medium,Offer billing support or flexible payment plan
SP-02247,35,67.43,9,4,3,4.0,0,12,Basic,Organic,Portugal,0,0.39746453646124474,Medium,Escalate unresolved service issues
SP-00705,8,92.36,8,3,1,3.2,0,3,Basic,Organic,Germany,0,0.3973282907670044,Medium,Send personalized content recommendation
SP-01174,11,122.83,8,2,2,4.0,1,5,Professional,Partner,Portugal,0,0.39711990541628733,Medium,Send personalized content recommendation
SP-01481,10,54.28,11,6,2,3.3,0,6,Professional,Organic,Germany,0,0.3963358999932992,Medium,Send personalized content recommendation
SP-01992,27,185.92,5,3,1,3.1,0,9,Basic,Organic,United Kingdom,0,0.39597744175618127,Medium,Send personalized content recommendation
SP-01132,41,42.98,10,4,0,3.8,0,24,Basic,Organic,Germany,0,0.3959366961242976,Medium,Send re-engagement journey
SP-01155,19,101.63,11,3,1,3.7,1,10,Basic,Referral,Germany,0,0.395835196970997,Medium,Send personalized content recommendation
SP-02241,14,64.13,7,2,1,4.2,0,11,Basic,Referral,Portugal,0,0.3958026573757864,Medium,Send personalized content recommendation
SP-01958,32,121.09,3,6,1,3.6,2,4,Basic,Organic,United Kingdom,0,0.39573123947603517,Medium,Offer billing support or flexible payment plan
SP-01835,25,42.02,7,5,1,2.9,1,2,Professional,Paid,Germany,0,0.39567161308661963,Medium,Send personalized content recommendation
SP-00091,27,151.08,5,4,0,2.9,1,8,Basic,Referral,Portugal,0,0.39529854239399326,Medium,Send personalized content recommendation
SP-02377,52,37.68,9,6,2,4.5,0,26,Professional,Referral,Germany,0,0.39514593981275525,Medium,Send re-engagement journey
SP-02422,46,74.42,6,4,1,4.5,1,19,Basic,Partner,United Kingdom,0,0.39507526517864955,Medium,Send personalized content recommendation
SP-00199,21,87.42,10,8,0,3.5,1,17,Basic,Referral,United Kingdom,0,0.3949358772755284,Medium,Send personalized content recommendation
SP-00944,29,67.7,6,2,2,4.6,0,15,Professional,Paid,United Kingdom,0,0.39488113053526,Medium,Send personalized content recommendation
SP-00941,42,51.69,10,1,2,3.7,1,6,Professional,Referral,United Kingdom,0,0.3948524779165419,Medium,Send personalized content recommendation
SP-01035,4,115.5,11,6,1,4.2,2,11,Basic,Organic,Germany,0,0.39482440428462323,Medium,Offer billing support or flexible payment plan
SP-01159,24,56.84,12,2,1,4.1,2,10,Basic,Paid,United Kingdom,0,0.39462022195115576,Medium,Offer billing support or flexible payment plan
SP-00132,34,31.33,4,4,2,4.9,1,10,Basic,Referral,Germany,0,0.394160423656344,Medium,Send personalized content recommendation
SP-00998,22,66.94,10,2,0,3.3,0,11,Basic,Referral,United Kingdom,0,0.39412351012932545,Medium,Send personalized content recommendation
SP-00182,10,97.57,10,5,0,2.9,1,7,Professional,Organic,Germany,0,0.3937485482500056,Medium,Send personalized content recommendation
SP-01239,18,69.91,6,5,0,3.6,1,8,Basic,Referral,Germany,0,0.39368491025874025,Medium,Send personalized content recommendation
SP-01196,39,66.28,7,3,0,3.3,1,15,Professional,Paid,Portugal,0,0.39361051521997287,Medium,Send personalized content recommendation
SP-00990,48,50.62,5,5,2,3.7,0,18,Enterprise,Organic,Germany,0,0.39346627810270046,Medium,Send personalized content recommendation
SP-02349,13,82.81,4,2,0,3.7,0,9,Professional,Referral,Portugal,0,0.3933864422231389,Medium,Send personalized content recommendation
SP-02371,3,107.69,13,3,2,3.6,0,15,Enterprise,Paid,United Kingdom,0,0.39323222354679094,Medium,Send personalized content recommendation
SP-01061,47,71.46,5,3,2,3.8,0,12,Basic,Paid,United Kingdom,0,0.3929435321058086,Medium,Send personalized content recommendation
SP-00647,28,121.81,4,4,1,3.9,0,14,Professional,Referral,Germany,0,0.3926936025732327,Medium,Send personalized content recommendation
SP-00324,55,52.84,5,6,2,3.5,1,9,Professional,Organic,United Kingdom,0,0.39256803140385677,Medium,Send personalized content recommendation
SP-01289,7,56.22,12,2,2,4.5,0,12,Professional,Partner,Germany,0,0.3920107669734021,Medium,Send personalized content recommendation
SP-00783,8,54.6,9,1,1,4.3,0,10,Professional,Organic,United Kingdom,0,0.3919799128309705,Medium,Send personalized content recommendation
SP-01963,9,117.08,10,2,0,4.3,0,20,Basic,Organic,United Kingdom,0,0.3911324399933775,Medium,Send personalized content recommendation
SP-02303,35,70.08,11,4,1,4.1,2,14,Basic,Organic,Germany,0,0.3909377294484563,Medium,Offer billing support or flexible payment plan
SP-00124,29,87.86,4,2,1,3.6,0,13,Enterprise,Organic,Germany,0,0.3907523606221476,Medium,Send personalized content recommendation
SP-00834,9,121.27,8,4,0,3.3,0,12,Professional,Partner,Germany,0,0.3905633754530491,Medium,Send personalized content recommendation
SP-00212,44,77.63,9,0,1,4.7,0,24,Professional,Referral,United Kingdom,0,0.39044220092747733,Medium,Send re-engagement journey
SP-00760,44,69.48,5,3,0,2.9,1,8,Professional,Partner,Portugal,0,0.3902699226156191,Medium,Send personalized content recommendation
SP-01979,4,84.68,10,5,1,4.7,1,24,Enterprise,Paid,Germany,0,0.3898417717300578,Medium,Send re-engagement journey
SP-01763,1,95.28,14,2,1,3.3,0,10,Professional,Organic,Portugal,0,0.38957241630731226,Medium,Send personalized content recommendation
SP-00381,1,115.56,8,3,2,4.3,1,9,Enterprise,Referral,Germany,0,0.38925928324581227,Medium,Send personalized content recommendation
SP-01966,45,73.62,7,1,1,2.7,0,10,Enterprise,Referral,Germany,0,0.3892265686984318,Medium,Send personalized content recommendation
SP-00559,48,68.61,12,6,1,3.4,0,23,Basic,Referral,Germany,0,0.3889822526992259,Medium,Send re-engagement journey
SP-00002,47,38.17,10,5,2,4.2,1,19,Professional,Organic,Portugal,0,0.38874016562401775,Medium,Send personalized content recommendation
SP-01318,36,46.23,9,2,2,4.4,1,10,Basic,Partner,Germany,0,0.3885667732847856,Medium,Send personalized content recommendation
SP-02426,34,115.86,9,4,1,4.3,0,24,Basic,Organic,United Kingdom,0,0.38830345359585766,Medium,Send re-engagement journey
SP-00841,18,49.95,12,6,2,3.2,1,9,Enterprise,Organic,Germany,0,0.388069154908988,Medium,Send personalized content recommendation
SP-01544,35,70.1,5,4,1,3.1,0,6,Basic,Organic,Germany,0,0.3870669411830681,Medium,Send personalized content recommendation
SP-00403,20,102.87,8,8,1,3.1,0,12,Basic,Organic,Germany,0,0.3867414266018175,Medium,Send personalized content recommendation
SP-00858,4,74.14,10,4,1,4.0,1,15,Enterprise,Organic,Portugal,0,0.3867317238996604,Medium,Send personalized content recommendation
SP-00141,59,83.8,10,0,2,3.4,0,12,Basic,Partner,United Kingdom,0,0.38639573887859896,Medium,Send personalized content recommendation
SP-01391,19,136.13,10,1,1,3.3,1,5,Professional,Organic,United Kingdom,0,0.38605247155900435,Medium,Send personalized content recommendation
SP-00034,34,98.28,5,6,2,4.0,0,13,Basic,Referral,Germany,0,0.3852254213356452,Medium,Send personalized content recommendation
SP-01523,12,64.67,7,6,0,4.5,2,12,Basic,Organic,United Kingdom,0,0.3849444721222134,Medium,Offer billing support or flexible payment plan
SP-01995,46,63.5,6,4,2,3.7,2,5,Professional,Paid,Germany,0,0.3844172260548747,Medium,Offer billing support or flexible payment plan
SP-02396,40,61.28,7,3,2,3.7,0,9,Basic,Organic,Germany,0,0.38438790525279176,Medium,Send personalized content recommendation
SP-01661,38,96.49,13,6,1,2.8,0,17,Basic,Partner,Germany,0,0.3842207400977641,Medium,Send personalized content recommendation
SP-02225,25,101.62,9,2,1,3.5,0,10,Basic,Referral,Germany,0,0.38381967039004466,Medium,Send personalized content recommendation
SP-00118,9,95.38,7,2,1,3.6,1,5,Enterprise,Partner,United Kingdom,0,0.38325335610943567,Medium,Send personalized content recommendation
SP-00904,54,152.41,3,1,1,3.3,1,15,Enterprise,Referral,Portugal,0,0.3827571778254142,Medium,Send personalized content recommendation
SP-01284,49,100.56,13,2,1,2.5,1,9,Professional,Organic,United Kingdom,0,0.38235900753896523,Medium,Send personalized content recommendation
SP-00750,10,51.54,11,2,1,4.2,0,13,Basic,Referral,Portugal,0,0.38176876939133497,Medium,Send personalized content recommendation
SP-01851,5,52.42,6,1,0,4.0,1,4,Professional,Paid,United Kingdom,1,0.38174516443778017,Medium,Send personalized content recommendation
SP-01556,10,83.59,4,5,1,3.8,0,5,Basic,Organic,United Kingdom,1,0.3810305926117149,Medium,Send personalized content recommendation
SP-00712,32,77.3,11,4,2,4.0,1,14,Professional,Paid,United Kingdom,0,0.3809006705948195,Medium,Send personalized content recommendation
SP-01634,53,59.5,5,3,2,2.9,0,3,Professional,Organic,United Kingdom,0,0.3801807385512543,Medium,Send personalized content recommendation
SP-00497,8,116.49,6,7,0,3.4,0,21,Enterprise,Paid,Germany,0,0.38002732546407736,Medium,Send re-engagement journey
SP-00397,3,52.22,10,3,2,3.9,0,2,Basic,Partner,Germany,0,0.3796285882558476,Medium,Send personalized content recommendation
SP-01874,57,112.42,4,4,2,3.7,1,12,Professional,Referral,Portugal,0,0.37955471022888965,Medium,Send personalized content recommendation
SP-02124,37,56.39,7,8,0,3.1,0,19,Basic,Organic,Portugal,1,0.3794480317123912,Medium,Send personalized content recommendation
SP-02358,14,79.02,14,1,0,3.6,1,16,Professional,Paid,Portugal,0,0.3790840193701888,Medium,Send personalized content recommendation
SP-01314,52,78.49,8,2,1,3.3,0,13,Basic,Partner,United Kingdom,0,0.3790782711178306,Medium,Send personalized content recommendation
SP-00621,27,37.64,7,9,1,3.0,2,6,Enterprise,Organic,United Kingdom,0,0.37868147372476424,Medium,Offer billing support or flexible payment plan
SP-02274,28,73.37,6,2,3,5.0,0,12,Professional,Organic,Germany,0,0.37856237040814694,Medium,Escalate unresolved service issues
SP-01383,21,93.24,14,2,0,3.1,0,17,Basic,Organic,Portugal,0,0.3783344175999726,Medium,Send personalized content recommendation
SP-00049,41,137.99,7,3,1,3.8,2,11,Basic,Referral,Portugal,0,0.3774798509352405,Medium,Offer billing support or flexible payment plan
SP-02231,38,42.07,6,4,1,3.6,0,19,Enterprise,Paid,Germany,0,0.37734064304593734,Medium,Send personalized content recommendation
SP-00966,36,98.63,8,8,0,3.5,3,14,Professional,Paid,Germany,0,0.3767456364871755,Medium,Offer billing support or flexible payment plan
SP-00306,9,111.28,12,3,2,3.7,1,3,Basic,Organic,United Kingdom,0,0.3764020708597015,Medium,Send personalized content recommendation
SP-01738,6,60.3,8,6,0,3.4,0,10,Professional,Referral,Germany,0,0.37638450847149785,Medium,Send personalized content recommendation
SP-00259,11,83.51,6,3,0,3.9,1,7,Professional,Referral,Germany,0,0.3762686253797314,Medium,Send personalized content recommendation
SP-01832,58,76.62,7,6,1,3.2,1,15,Basic,Referral,Portugal,1,0.3762163960540622,Medium,Send personalized content recommendation
SP-01757,21,100.64,9,3,0,4.2,2,13,Professional,Referral,Germany,0,0.37610394913967704,Medium,Offer billing support or flexible payment plan
SP-01442,31,200.27,8,2,1,3.7,2,13,Basic,Paid,Portugal,0,0.37583525156947784,Medium,Offer billing support or flexible payment plan
SP-02474,13,53.45,9,3,1,4.2,0,11,Basic,Referral,Germany,1,0.37574779940512587,Medium,Send personalized content recommendation
SP-01016,51,94.15,9,2,2,2.2,0,1,Professional,Organic,United Kingdom,0,0.37561980858783733,Medium,Send personalized content recommendation
SP-01503,14,95.79,6,5,3,4.1,2,2,Enterprise,Paid,United Kingdom,0,0.37530121235241026,Medium,Offer billing support or flexible payment plan
SP-00349,11,104.25,6,4,0,4.4,1,15,Basic,Paid,United Kingdom,0,0.3745710243299298,Medium,Send personalized content recommendation
SP-01246,60,78.9,6,5,1,3.6,2,20,Enterprise,Paid,Germany,0,0.37404370594693226,Medium,Offer billing support or flexible payment plan
SP-01431,29,81.33,7,4,0,4.6,1,23,Professional,Partner,Portugal,0,0.37387654983012647,Medium,Send re-engagement journey
SP-00473,26,67.72,10,3,1,3.0,0,8,Professional,Referral,Portugal,0,0.3738048093286867,Medium,Send personalized content recommendation
SP-01459,16,114.52,5,5,2,4.4,1,11,Professional,Paid,Portugal,0,0.37368912904183005,Medium,Send personalized content recommendation
SP-01997,34,99.15,6,3,0,3.6,0,17,Basic,Partner,Portugal,0,0.3736690985630812,Medium,Send personalized content recommendation
SP-00172,6,79.57,9,4,1,3.4,0,8,Basic,Paid,Portugal,0,0.3736410961116643,Medium,Send personalized content recommendation
SP-01363,22,131.21,5,6,1,4.7,1,19,Basic,Referral,Portugal,0,0.3729852142825216,Medium,Send personalized content recommendation
SP-01601,19,81.73,4,5,2,3.6,1,2,Enterprise,Referral,United Kingdom,0,0.37283813293183277,Medium,Send personalized content recommendation
SP-00878,45,184.1,10,6,3,3.8,2,13,Basic,Paid,United Kingdom,0,0.37232368019855605,Medium,Offer billing support or flexible payment plan
SP-00955,48,105.77,9,4,1,3.1,1,13,Basic,Organic,Portugal,0,0.3719698756675174,Medium,Send personalized content recommendation
SP-01176,21,107.26,7,5,1,3.6,0,13,Basic,Organic,Portugal,0,0.37193784075009817,Medium,Send personalized content recommendation
SP-01128,39,47.66,8,1,1,4.3,0,22,Enterprise,Referral,Germany,0,0.3711496345698773,Medium,Send re-engagement journey
SP-00200,58,105.18,7,5,2,4.2,0,23,Basic,Partner,Germany,0,0.37085515616284387,Medium,Send re-engagement journey
SP-02147,11,111.14,9,2,1,3.7,2,7,Enterprise,Paid,United Kingdom,0,0.37063692582945024,Medium,Offer billing support or flexible payment plan
SP-01300,2,26.9,5,5,1,4.5,0,6,Basic,Partner,United Kingdom,0,0.37050005361005406,Medium,Send personalized content recommendation
SP-01105,19,88.76,5,2,1,3.4,0,6,Professional,Paid,Portugal,0,0.37046018248712537,Medium,Send personalized content recommendation
SP-00188,23,45.67,16,6,1,3.4,1,15,Professional,Organic,Germany,1,0.3699623305667752,Medium,Send personalized content recommendation
SP-00619,4,71.06,10,1,0,5.0,2,11,Basic,Referral,Germany,0,0.3696999384468207,Medium,Offer billing support or flexible payment plan
SP-00925,15,90.81,8,4,0,2.9,0,7,Professional,Partner,Germany,0,0.369638002419421,Medium,Send personalized content recommendation
SP-01562,16,128.53,12,0,1,3.4,0,11,Professional,Paid,United Kingdom,0,0.3693588254476258,Medium,Send personalized content recommendation
SP-01884,51,108.45,7,3,0,3.6,2,13,Basic,Referral,Germany,0,0.36904674377839153,Medium,Offer billing support or flexible payment plan
SP-00601,37,108.77,5,5,1,3.9,0,16,Basic,Referral,Germany,0,0.3689639506588052,Medium,Send personalized content recommendation
SP-01984,46,64.76,7,3,1,3.1,1,4,Basic,Organic,United Kingdom,0,0.36872485040692754,Medium,Send personalized content recommendation
SP-01993,18,189.55,7,2,1,4.5,1,15,Basic,Partner,Germany,1,0.3686978472018949,Medium,Send personalized content recommendation
SP-00325,59,127.5,7,4,1,2.9,0,16,Basic,Organic,Germany,0,0.36861999456863315,Medium,Send personalized content recommendation
SP-01985,39,82.73,9,3,2,3.3,0,8,Professional,Organic,United Kingdom,0,0.3684562959626974,Medium,Send personalized content recommendation
SP-02084,41,82.58,7,3,1,3.3,1,7,Professional,Organic,Germany,0,0.36770670575380277,Medium,Send personalized content recommendation
SP-01070,1,100.56,16,4,3,3.1,0,3,Professional,Paid,Germany,0,0.36754097889514814,Medium,Escalate unresolved service issues
SP-01281,45,122.73,5,1,0,2.5,0,8,Professional,Referral,Portugal,1,0.36746514361632243,Medium,Send personalized content recommendation
SP-01476,19,143.52,11,2,0,3.1,0,19,Enterprise,Partner,United Kingdom,1,0.3673952950808733,Medium,Send personalized content recommendation
SP-00394,36,63.59,8,5,1,4.2,2,13,Basic,Paid,Germany,0,0.36715519892333054,Medium,Offer billing support or flexible payment plan
SP-01425,16,119.96,10,5,1,2.2,0,1,Professional,Referral,Germany,0,0.36678370276828204,Medium,Send personalized content recommendation
SP-00314,17,84.99,7,1,1,3.6,1,5,Enterprise,Referral,Germany,0,0.3667360045659705,Medium,Send personalized content recommendation
SP-00794,50,124.88,7,2,2,3.8,1,11,Basic,Partner,Portugal,0,0.3666098214644338,Medium,Send personalized content recommendation
SP-01526,3,60.2,4,4,0,4.6,0,12,Professional,Referral,United Kingdom,0,0.3664988852061444,Medium,Send personalized content recommendation
SP-02106,17,38.99,9,5,3,4.1,0,9,Enterprise,Referral,United Kingdom,0,0.36644485118115644,Medium,Escalate unresolved service issues
SP-00950,17,116.0,6,2,0,4.5,2,15,Enterprise,Referral,United Kingdom,0,0.3659162831055209,Medium,Offer billing support or flexible payment plan
SP-01388,20,72.7,7,4,1,3.3,0,5,Professional,Referral,Germany,0,0.36580221639398586,Medium,Send personalized content recommendation
SP-00390,10,124.66,7,2,2,4.1,0,5,Professional,Partner,United Kingdom,0,0.36576413149062265,Medium,Send personalized content recommendation
SP-02078,27,81.79,11,4,2,4.1,0,15,Basic,Organic,Germany,1,0.3657470685870724,Medium,Send personalized content recommendation
SP-01435,20,27.04,9,0,0,3.9,0,10,Professional,Referral,Germany,0,0.3657185467794294,Medium,Send personalized content recommendation
SP-01026,4,158.66,11,6,0,3.3,0,18,Basic,Paid,United Kingdom,0,0.36557066690471945,Medium,Send personalized content recommendation
SP-00447,19,60.0,14,1,2,3.9,0,11,Basic,Paid,Germany,0,0.3654371584162939,Medium,Send personalized content recommendation
SP-02471,54,79.7,6,1,2,4.2,0,16,Basic,Paid,Germany,0,0.36461795353409837,Medium,Send personalized content recommendation
SP-00095,54,45.68,7,1,1,2.9,0,6,Professional,Referral,Germany,1,0.3642584379763859,Medium,Send personalized content recommendation
SP-01624,1,84.84,7,6,0,3.5,0,9,Professional,Organic,United Kingdom,1,0.3639265706088248,Medium,Send personalized content recommendation
SP-01820,18,47.65,8,0,2,4.2,0,2,Basic,Partner,Germany,0,0.36383289104645594,Medium,Send personalized content recommendation
SP-00523,12,89.61,9,1,0,3.1,0,7,Professional,Organic,Portugal,0,0.3636949139692331,Medium,Send personalized content recommendation
SP-00257,41,67.5,5,7,1,3.9,0,17,Basic,Referral,Germany,0,0.3635205074359544,Medium,Send personalized content recommendation
SP-00552,24,100.53,7,6,0,3.6,1,14,Basic,Partner,Portugal,0,0.36338304487771045,Medium,Send personalized content recommendation
SP-02112,41,115.89,8,3,0,3.3,2,15,Enterprise,Organic,United Kingdom,0,0.3633603012497178,Medium,Offer billing support or flexible payment plan
SP-01504,20,80.0,11,3,2,3.9,0,16,Enterprise,Organic,Germany,0,0.3633285783184368,Medium,Send personalized content recommendation
SP-01660,16,116.26,7,4,1,4.1,1,9,Basic,Organic,Germany,0,0.36321589853009656,Medium,Send personalized content recommendation
SP-00374,23,64.3,15,4,3,4.3,2,11,Enterprise,Referral,United Kingdom,0,0.36306905562651903,Medium,Offer billing support or flexible payment plan
SP-01412,34,49.64,5,3,3,5.0,3,5,Enterprise,Paid,United Kingdom,0,0.3629103856334647,Medium,Offer billing support or flexible payment plan
SP-00097,15,68.61,5,5,2,4.9,0,15,Professional,Paid,Germany,0,0.3627592451905683,Medium,Send personalized content recommendation
SP-01877,14,79.05,9,2,1,3.2,0,10,Enterprise,Organic,Portugal,0,0.36271299921119554,Medium,Send personalized content recommendation
SP-02146,27,120.94,5,3,1,3.6,1,7,Professional,Paid,Germany,0,0.36238399925119463,Medium,Send personalized content recommendation
SP-02270,59,39.92,7,5,0,3.4,0,23,Professional,Referral,Portugal,0,0.3611371295378077,Medium,Send re-engagement journey
SP-02344,45,91.07,6,6,1,3.4,0,14,Basic,Referral,United Kingdom,0,0.36100755824236547,Medium,Send personalized content recommendation
SP-01213,28,135.82,8,4,2,3.2,1,1,Basic,Organic,United Kingdom,0,0.3608401662214032,Medium,Send personalized content recommendation
SP-00653,13,77.26,7,4,0,3.5,1,5,Professional,Organic,United Kingdom,0,0.3603263750797154,Medium,Send personalized content recommendation
SP-01604,20,148.38,9,3,1,3.8,0,14,Basic,Organic,United Kingdom,0,0.36027714305406927,Medium,Send personalized content recommendation
SP-00054,29,98.78,9,5,2,4.4,0,18,Basic,Organic,Germany,0,0.360198440096153,Medium,Send personalized content recommendation
SP-00429,2,73.18,2,6,1,5.0,0,15,Basic,Paid,Portugal,0,0.3599407457845289,Medium,Send personalized content recommendation
SP-00326,14,90.31,7,4,3,4.4,0,5,Professional,Referral,Germany,0,0.35978503937474476,Medium,Escalate unresolved service issues
SP-00341,39,65.98,9,5,2,4.5,2,14,Professional,Paid,Germany,0,0.3596394313508623,Medium,Offer billing support or flexible payment plan
SP-02254,31,110.62,7,6,0,3.1,1,10,Basic,Referral,Germany,0,0.359580518270975,Medium,Send personalized content recommendation
SP-01990,56,113.61,10,2,1,2.9,0,16,Basic,Paid,United Kingdom,0,0.3594988079816913,Medium,Send personalized content recommendation
SP-00620,9,126.14,9,4,3,5.0,0,12,Basic,Referral,United Kingdom,0,0.3591297191834622,Medium,Escalate unresolved service issues
SP-01554,38,96.8,7,1,0,4.2,0,20,Basic,Partner,Germany,0,0.3588507586960569,Medium,Send personalized content recommendation
SP-00508,15,48.26,12,5,2,3.6,0,6,Basic,Referral,Germany,0,0.35818032878352946,Medium,Send personalized content recommendation
SP-01956,25,128.4,5,2,3,4.8,0,10,Professional,Organic,Germany,0,0.3580403463108067,Medium,Escalate unresolved service issues
SP-00996,38,73.16,8,6,1,2.6,1,1,Basic,Referral,United Kingdom,0,0.3579548240951512,Medium,Send personalized content recommendation
SP-00629,31,57.16,6,4,1,3.9,1,6,Basic,Referral,Germany,0,0.3579393747396766,Medium,Send personalized content recommendation
SP-00017,31,128.52,9,6,1,2.3,0,8,Basic,Paid,Germany,0,0.3578117119561264,Medium,Send personalized content recommendation
SP-00934,39,52.27,11,4,1,3.9,0,21,Basic,Paid,Germany,0,0.3576542673033359,Medium,Send re-engagement journey
SP-02032,11,164.34,10,6,1,4.4,2,21,Enterprise,Organic,Germany,0,0.35740656541224997,Medium,Offer billing support or flexible payment plan
SP-00128,46,86.03,8,3,2,4.1,0,16,Professional,Referral,Germany,0,0.3573941704462614,Medium,Send personalized content recommendation
SP-01520,28,53.69,5,2,0,3.8,0,18,Enterprise,Organic,Portugal,0,0.3570873239492969,Medium,Send personalized content recommendation
SP-01651,12,116.79,12,6,0,3.0,1,11,Basic,Referral,Portugal,0,0.35671406478230444,Medium,Send personalized content recommendation
SP-00035,54,135.97,2,4,0,2.9,2,6,Professional,Referral,Portugal,0,0.35665943714550397,Medium,Offer billing support or flexible payment plan
SP-00218,6,68.16,9,4,0,4.4,0,17,Professional,Partner,United Kingdom,0,0.35646125584687516,Medium,Send personalized content recommendation
SP-01355,14,64.0,12,4,1,3.3,0,7,Basic,Referral,Germany,0,0.355571269855582,Medium,Send personalized content recommendation
SP-01292,52,69.05,7,6,2,4.0,2,11,Professional,Referral,Portugal,0,0.35487377528996233,Medium,Offer billing support or flexible payment plan
SP-01977,56,40.43,4,4,1,3.6,1,9,Basic,Paid,United Kingdom,0,0.35414365263290326,Medium,Send personalized content recommendation
SP-00191,42,93.39,7,5,1,4.4,2,15,Professional,Referral,Germany,0,0.3541188851466106,Medium,Offer billing support or flexible payment plan
SP-01084,34,55.73,10,3,1,3.2,1,10,Enterprise,Organic,United Kingdom,0,0.35375566353738147,Medium,Send personalized content recommendation
SP-02001,53,104.32,5,7,1,3.5,1,19,Professional,Paid,Portugal,0,0.3534396235106578,Medium,Send personalized content recommendation
SP-01066,24,116.12,6,2,0,3.5,0,12,Basic,Organic,Portugal,0,0.35287906552505666,Medium,Send personalized content recommendation
SP-00273,10,87.12,11,5,3,5.0,2,6,Professional,Referral,Germany,0,0.3520962404830962,Medium,Offer billing support or flexible payment plan
SP-02313,31,106.89,6,3,0,2.8,0,7,Professional,Organic,United Kingdom,0,0.3520906110249432,Medium,Send personalized content recommendation
SP-02398,18,28.57,8,5,1,4.6,1,11,Basic,Organic,Germany,0,0.3519075714359551,Medium,Send personalized content recommendation
SP-00702,37,123.0,13,2,0,2.4,1,9,Basic,Referral,Portugal,0,0.35105673437436147,Medium,Send personalized content recommendation
SP-00857,15,94.86,7,5,1,3.4,0,11,Enterprise,Referral,United Kingdom,0,0.3508236313740408,Medium,Send personalized content recommendation
SP-00389,54,105.74,5,2,2,4.3,3,8,Enterprise,Partner,United Kingdom,0,0.3506710925324786,Medium,Offer billing support or flexible payment plan
SP-00226,19,92.83,15,3,2,3.4,1,5,Professional,Referral,Germany,1,0.34928624483441906,Medium,Send personalized content recommendation
SP-00840,55,63.67,4,5,1,3.8,0,22,Enterprise,Referral,Germany,0,0.3492410583911843,Medium,Send re-engagement journey
SP-00047,27,114.84,9,1,1,4.0,2,12,Enterprise,Referral,Portugal,0,0.34913332117499035,Medium,Offer billing support or flexible payment plan
SP-00370,47,63.92,4,5,1,3.7,0,15,Professional,Paid,United Kingdom,0,0.34882320339575695,Medium,Send personalized content recommendation
SP-02060,25,144.21,9,4,0,3.1,0,17,Professional,Organic,Portugal,0,0.3485356987666968,Medium,Send personalized content recommendation
SP-02459,29,75.72,8,6,1,4.9,1,22,Professional,Organic,Germany,0,0.3484036132768795,Medium,Send re-engagement journey
SP-02004,28,50.82,4,1,0,4.4,0,13,Professional,Partner,Germany,1,0.3483460940812696,Medium,Send personalized content recommendation
SP-02412,3,127.59,7,3,0,4.2,0,14,Professional,Organic,United Kingdom,0,0.34803852895173665,Medium,Send personalized content recommendation
SP-00739,45,54.09,5,2,0,4.2,2,11,Basic,Organic,Portugal,0,0.3478557655129128,Medium,Offer billing support or flexible payment plan
SP-00660,18,78.59,11,2,3,4.2,0,6,Basic,Paid,United Kingdom,0,0.34780949461639454,Medium,Escalate unresolved service issues
SP-00919,16,56.49,9,5,0,3.8,0,16,Basic,Organic,Portugal,0,0.3477181167114835,Medium,Send personalized content recommendation
SP-00706,34,79.25,11,4,3,4.0,0,10,Professional,Referral,United Kingdom,0,0.34749273438522615,Medium,Escalate unresolved service issues
SP-02419,18,97.61,4,1,1,4.3,1,8,Enterprise,Organic,United Kingdom,0,0.3472666009824775,Medium,Send personalized content recommendation
SP-00243,6,92.06,11,4,1,4.4,0,19,Basic,Paid,Portugal,0,0.3468022897434008,Medium,Send personalized content recommendation
SP-02408,43,78.14,7,4,1,4.8,1,26,Enterprise,Partner,United Kingdom,0,0.34657703944555895,Medium,Send re-engagement journey
SP-01269,58,109.44,7,4,0,4.2,3,17,Basic,Organic,Germany,0,0.34633095225790494,Medium,Offer billing support or flexible payment plan
SP-00078,14,98.81,7,6,0,4.2,3,5,Basic,Organic,United Kingdom,1,0.3461857593399843,Medium,Offer billing support or flexible payment plan
SP-01455,35,132.59,2,3,1,4.5,0,15,Basic,Referral,Germany,0,0.3459509508173083,Medium,Send personalized content recommendation
SP-01961,51,84.97,9,2,0,4.1,0,26,Professional,Organic,United Kingdom,1,0.3452534887302369,Medium,Send re-engagement journey
SP-02111,17,52.82,7,5,1,4.2,0,14,Professional,Paid,Germany,0,0.345172042410076,Medium,Send personalized content recommendation
SP-01323,33,107.69,7,3,1,3.1,1,4,Professional,Paid,United Kingdom,0,0.3449392387351292,Medium,Send personalized content recommendation
SP-01931,6,131.0,4,3,0,4.8,0,16,Basic,Organic,United Kingdom,0,0.3444885285439738,Medium,Send personalized content recommendation
SP-00792,28,75.88,6,1,1,4.2,0,11,Basic,Organic,Portugal,0,0.3432799273744583,Medium,Send personalized content recommendation
SP-02271,20,133.62,13,3,1,4.0,2,10,Basic,Partner,Germany,0,0.3429482501211513,Medium,Offer billing support or flexible payment plan
SP-02095,10,125.97,4,5,0,5.0,2,14,Professional,Organic,Germany,0,0.3428023056530699,Medium,Offer billing support or flexible payment plan
SP-01429,17,91.22,5,3,1,3.5,0,1,Basic,Referral,Germany,0,0.3424608876405226,Medium,Send personalized content recommendation
SP-00632,20,170.73,8,5,2,3.6,1,7,Basic,Paid,Germany,0,0.3421499216578566,Medium,Send personalized content recommendation
SP-02450,11,170.45,8,3,0,3.9,0,16,Basic,Partner,Germany,0,0.3420265234101457,Medium,Send personalized content recommendation
SP-01157,8,61.9,10,3,3,5.0,0,10,Professional,Referral,Portugal,0,0.34200550688732495,Medium,Escalate unresolved service issues
SP-01647,21,46.43,10,7,1,3.8,0,14,Professional,Partner,United Kingdom,0,0.34185142239868066,Medium,Send personalized content recommendation
SP-00679,32,109.8,10,1,0,2.9,0,9,Basic,Organic,United Kingdom,0,0.34167361273897773,Medium,Send personalized content recommendation
SP-00900,37,72.83,13,4,1,3.4,1,13,Professional,Organic,Germany,0,0.34159218019389304,Medium,Send personalized content recommendation
SP-01524,10,75.55,10,9,1,3.6,1,8,Basic,Organic,United Kingdom,0,0.34108982542807653,Medium,Send personalized content recommendation
SP-00427,52,124.63,4,7,1,3.2,0,16,Basic,Referral,Portugal,0,0.3409577387950899,Medium,Send personalized content recommendation
SP-01860,45,60.6,6,4,3,4.2,0,8,Basic,Organic,Germany,0,0.34035667197003966,Medium,Escalate unresolved service issues
SP-02189,28,60.66,10,4,2,3.9,1,5,Basic,Organic,Germany,0,0.34034390594788183,Medium,Send personalized content recommendation
SP-02295,43,88.82,11,1,2,3.6,0,13,Professional,Paid,Germany,0,0.34022238964474283,Medium,Send personalized content recommendation
SP-01317,43,73.92,7,2,1,3.5,0,16,Enterprise,Organic,Germany,1,0.33999848262178883,Medium,Send personalized content recommendation
SP-00244,39,68.56,5,2,1,3.3,0,12,Enterprise,Paid,Germany,0,0.3395062541242902,Medium,Send personalized content recommendation
SP-01682,1,96.49,5,4,0,4.2,2,4,Basic,Paid,Portugal,0,0.33882495501388943,Medium,Offer billing support or flexible payment plan
SP-01320,24,87.69,9,3,3,4.9,1,7,Basic,Referral,Germany,0,0.33875566574698124,Medium,Escalate unresolved service issues
SP-01453,4,64.24,9,3,0,4.1,1,6,Basic,Organic,United Kingdom,0,0.33866694341627124,Medium,Send personalized content recommendation
SP-00087,6,78.93,9,7,1,3.9,0,11,Basic,Organic,Germany,0,0.3384281977576008,Medium,Send personalized content recommendation
SP-00173,47,89.67,13,2,1,4.2,3,18,Enterprise,Partner,Germany,0,0.3378647051698136,Medium,Offer billing support or flexible payment plan
SP-02470,13,140.76,7,7,0,3.6,1,12,Professional,Referral,Germany,0,0.3372914205665059,Medium,Send personalized content recommendation
SP-00563,30,34.26,8,3,1,4.5,0,15,Basic,Organic,Germany,0,0.33705067186578463,Medium,Send personalized content recommendation
SP-01180,2,113.2,5,5,1,4.6,1,11,Professional,Paid,Portugal,0,0.33651750515163353,Medium,Send personalized content recommendation
SP-01452,3,106.31,11,4,2,3.3,0,1,Basic,Paid,United Kingdom,0,0.33603651187720723,Medium,Send personalized content recommendation
SP-00430,43,35.44,12,3,0,4.0,0,24,Professional,Organic,United Kingdom,0,0.33594939540593616,Medium,Send re-engagement journey
SP-01011,17,120.15,7,4,0,3.1,0,9,Basic,Organic,Portugal,0,0.3358916414434781,Medium,Send personalized content recommendation
SP-00147,3,96.96,11,8,2,4.1,1,10,Professional,Organic,Portugal,0,0.33566840673767023,Medium,Send personalized content recommendation
SP-00231,28,125.78,6,5,2,3.8,0,8,Basic,Partner,Germany,0,0.33536414156576305,Medium,Send personalized content recommendation
SP-01184,27,83.02,10,2,1,4.6,1,16,Basic,Organic,Portugal,0,0.3350401953545947,Medium,Send personalized content recommendation
SP-01123,17,178.38,7,3,0,4.2,0,21,Professional,Organic,Germany,0,0.33489095764373267,Medium,Send re-engagement journey
SP-00154,18,142.13,9,3,2,4.6,1,15,Professional,Paid,Portugal,1,0.33487703806394475,Medium,Send personalized content recommendation
SP-02119,33,113.12,2,5,2,4.5,1,6,Basic,Referral,Germany,0,0.3346281607488657,Medium,Send personalized content recommendation
SP-01134,46,47.79,5,5,0,2.7,0,8,Professional,Organic,Germany,0,0.33460458693124073,Medium,Send personalized content recommendation
SP-00562,3,151.2,6,3,2,4.5,0,7,Professional,Partner,Germany,0,0.33417146947331056,Medium,Send personalized content recommendation
SP-00407,27,27.15,7,1,0,3.7,0,8,Basic,Paid,United Kingdom,0,0.33329955477578327,Medium,Send personalized content recommendation
SP-00487,21,113.59,10,4,1,3.1,1,3,Professional,Organic,United Kingdom,0,0.3332181585125108,Medium,Send personalized content recommendation
SP-01888,25,71.09,12,1,1,3.8,0,12,Professional,Organic,Germany,0,0.3331515550328688,Medium,Send personalized content recommendation
SP-01710,13,63.59,11,2,3,4.7,1,3,Basic,Paid,United Kingdom,0,0.33275703756344666,Medium,Escalate unresolved service issues
SP-01499,29,189.84,8,5,1,3.4,1,13,Basic,Paid,Germany,0,0.3326222885846469,Medium,Send personalized content recommendation
SP-01395,13,126.9,9,2,1,3.3,1,5,Enterprise,Organic,United Kingdom,0,0.3323683918987764,Medium,Send personalized content recommendation
SP-01092,27,107.38,14,3,2,4.3,0,18,Basic,Referral,Germany,1,0.33233243557239545,Medium,Send personalized content recommendation
SP-01655,10,78.78,4,2,0,4.4,1,6,Basic,Organic,Portugal,0,0.33137796336646197,Medium,Send personalized content recommendation
SP-01749,49,131.6,8,2,2,5.0,1,22,Basic,Organic,Portugal,0,0.3310156425411458,Medium,Send re-engagement journey
SP-01097,51,43.56,9,0,1,4.3,1,18,Enterprise,Partner,United Kingdom,0,0.3309984238803737,Medium,Send personalized content recommendation
SP-00312,41,75.84,8,2,2,3.4,0,5,Professional,Organic,Germany,0,0.33062064287100457,Medium,Send personalized content recommendation
SP-01352,24,210.37,2,2,3,4.9,0,11,Basic,Paid,Germany,1,0.3305531879621819,Medium,Escalate unresolved service issues
SP-02234,9,66.94,9,6,1,3.8,0,8,Basic,Partner,Germany,0,0.33036869262168883,Medium,Send personalized content recommendation
SP-02425,21,47.04,8,7,3,5.0,1,8,Basic,Referral,Germany,0,0.3301259869243749,Medium,Escalate unresolved service issues
SP-00265,60,47.73,6,4,1,3.9,1,16,Professional,Paid,Germany,1,0.3298579877851813,Medium,Send personalized content recommendation
SP-00190,19,101.88,5,2,2,4.9,0,9,Basic,Partner,Germany,0,0.32976696809228034,Medium,Send personalized content recommendation
SP-02003,24,123.31,16,2,1,2.8,1,5,Basic,Organic,United Kingdom,0,0.329702722930409,Medium,Send personalized content recommendation
SP-02236,48,84.86,11,4,0,2.8,0,15,Basic,Referral,United Kingdom,0,0.3296936473230379,Medium,Send personalized content recommendation
SP-01297,16,82.85,9,8,1,3.6,0,13,Basic,Referral,Portugal,0,0.3296577835985111,Medium,Send personalized content recommendation
SP-00929,26,92.22,14,2,1,3.9,2,8,Basic,Organic,Germany,0,0.3291906872928821,Medium,Offer billing support or flexible payment plan
SP-01414,48,61.97,6,1,0,4.5,3,8,Basic,Organic,Germany,0,0.3290932597850833,Medium,Offer billing support or flexible payment plan
SP-01914,47,68.05,9,2,3,4.1,1,5,Professional,Organic,Germany,0,0.3288813080480543,Medium,Escalate unresolved service issues
SP-02386,53,71.1,4,5,1,3.2,0,9,Basic,Organic,Germany,0,0.32875036529858187,Medium,Send personalized content recommendation
SP-02467,19,123.66,6,3,1,4.3,1,7,Basic,Referral,Germany,1,0.3286390720424279,Medium,Send personalized content recommendation
SP-02249,10,55.02,6,1,1,4.1,0,3,Professional,Partner,Portugal,0,0.32841711802877255,Medium,Send personalized content recommendation
SP-00117,3,148.95,7,4,0,5.0,0,22,Basic,Partner,Germany,0,0.3283087019090034,Medium,Send re-engagement journey
SP-00359,6,71.27,9,5,0,4.6,1,14,Professional,Referral,United Kingdom,0,0.3282658625058363,Medium,Send personalized content recommendation
SP-02437,39,87.84,8,3,0,2.6,1,3,Professional,Partner,Germany,0,0.3282556422550142,Medium,Send personalized content recommendation
SP-02465,28,68.86,6,1,1,3.5,0,3,Basic,Organic,Portugal,0,0.3281692451538665,Medium,Send personalized content recommendation
SP-00751,58,87.02,8,1,4,4.4,1,6,Professional,Referral,Portugal,0,0.3280283389993619,Medium,Escalate unresolved service issues
SP-01119,44,131.55,12,6,0,3.6,2,26,Enterprise,Referral,Germany,0,0.32785574632044245,Medium,Offer billing support or flexible payment plan
SP-00613,48,55.56,4,5,1,3.4,1,5,Professional,Organic,Germany,0,0.32773014896486885,Medium,Send personalized content recommendation
SP-01581,18,32.35,10,6,2,3.7,1,3,Professional,Paid,Germany,0,0.32741506159321276,Medium,Send personalized content recommendation
SP-00663,3,109.42,6,4,0,4.2,2,4,Basic,Organic,Portugal,0,0.32731687483142197,Medium,Offer billing support or flexible payment plan
SP-02345,36,48.43,9,4,0,3.8,0,17,Basic,Partner,Germany,0,0.3272429440220449,Medium,Send personalized content recommendation
SP-00402,47,63.75,5,0,1,5.0,1,16,Basic,Paid,Germany,0,0.3267809157234532,Medium,Send personalized content recommendation
SP-00889,1,145.96,11,5,4,4.1,0,7,Enterprise,Organic,Germany,0,0.3267778535857781,Medium,Escalate unresolved service issues
SP-00898,4,129.28,10,8,1,3.2,1,5,Professional,Organic,Germany,0,0.3267514791922303,Medium,Send personalized content recommendation
SP-00935,27,67.7,4,1,0,4.1,1,5,Professional,Partner,Germany,0,0.3257588492926521,Medium,Send personalized content recommendation
SP-01999,17,84.54,11,3,2,3.6,0,4,Professional,Organic,United Kingdom,0,0.3244678701384861,Medium,Send personalized content recommendation
SP-00084,50,91.06,4,4,0,3.0,0,17,Enterprise,Organic,Germany,0,0.3243144884839268,Medium,Send personalized content recommendation
SP-01468,24,77.39,5,1,0,4.1,0,10,Professional,Referral,Germany,0,0.32404833544294415,Medium,Send personalized content recommendation
SP-00382,57,92.58,7,3,1,2.7,0,9,Basic,Organic,Portugal,0,0.32394766900971966,Medium,Send personalized content recommendation
SP-02204,21,102.23,6,0,0,4.1,1,5,Basic,Referral,Germany,0,0.3237326632452243,Medium,Send personalized content recommendation
SP-01172,38,61.48,10,3,1,3.7,2,10,Enterprise,Organic,United Kingdom,0,0.32367620567695354,Medium,Offer billing support or flexible payment plan
SP-01278,47,70.03,13,3,1,3.4,1,14,Basic,Organic,Portugal,0,0.32362064884029884,Medium,Send personalized content recommendation
SP-01223,58,94.09,12,6,3,3.0,1,6,Basic,Referral,Germany,0,0.32343696037529035,Medium,Escalate unresolved service issues
SP-00585,25,41.77,6,3,1,5.0,1,11,Basic,Organic,Germany,0,0.32325324303094444,Medium,Send personalized content recommendation
SP-02047,28,54.99,10,3,0,4.5,0,24,Professional,Paid,United Kingdom,0,0.3229315346410155,Medium,Send re-engagement journey
SP-02496,13,85.9,5,3,1,3.8,0,3,Basic,Paid,United Kingdom,0,0.3229075771199112,Medium,Send personalized content recommendation
SP-01380,33,54.99,13,5,1,4.7,0,26,Basic,Organic,United Kingdom,0,0.3228177956384081,Medium,Send re-engagement journey
SP-02065,36,36.18,11,3,2,3.2,0,3,Professional,Organic,United Kingdom,0,0.3227386474096452,Medium,Send personalized content recommendation
SP-00683,58,145.35,7,2,2,3.8,0,14,Basic,Referral,United Kingdom,0,0.3224274047561497,Medium,Send personalized content recommendation
SP-02164,55,71.16,11,5,1,3.6,2,14,Basic,Organic,Portugal,0,0.3220852860083587,Medium,Offer billing support or flexible payment plan
SP-02143,58,102.75,9,4,2,3.0,1,9,Basic,Paid,Portugal,0,0.32176897330619336,Medium,Send personalized content recommendation
SP-00492,53,67.2,8,5,1,3.3,2,7,Basic,Paid,Germany,0,0.3216429676021556,Medium,Offer billing support or flexible payment plan
SP-00125,52,98.03,9,6,0,4.5,1,34,Professional,Paid,Portugal,0,0.32143821236783343,Medium,Send re-engagement journey
SP-01770,12,197.92,11,5,3,4.6,1,13,Basic,Organic,Portugal,0,0.32123403178401955,Medium,Escalate unresolved service issues
SP-00776,58,62.81,5,1,1,4.4,1,21,Enterprise,Paid,Germany,0,0.3210770112058736,Medium,Send re-engagement journey
SP-02397,57,77.54,11,4,0,3.8,2,18,Basic,Organic,United Kingdom,0,0.3203756667623559,Medium,Offer billing support or flexible payment plan
SP-00426,12,74.23,7,4,0,3.7,0,9,Professional,Organic,Germany,1,0.32037246891775323,Medium,Send personalized content recommendation
SP-01907,18,93.24,14,0,1,3.5,1,6,Professional,Paid,Germany,0,0.31972578136379187,Medium,Send personalized content recommendation
SP-00912,12,81.26,11,4,0,5.0,2,17,Professional,Organic,United Kingdom,0,0.3196585482118064,Medium,Offer billing support or flexible payment plan
SP-01338,18,147.2,10,3,0,4.1,1,16,Professional,Referral,Germany,0,0.31901203304148473,Medium,Send personalized content recommendation
SP-01973,41,100.28,9,4,1,3.8,2,9,Professional,Organic,Germany,0,0.31896067412376233,Medium,Offer billing support or flexible payment plan
SP-00471,45,97.05,10,1,1,4.5,1,20,Professional,Organic,Portugal,0,0.318219421000238,Medium,Send personalized content recommendation
SP-01853,28,108.7,7,9,0,3.3,1,14,Basic,Paid,United Kingdom,0,0.31810012846485575,Medium,Send personalized content recommendation
SP-02154,33,116.19,9,1,0,3.3,1,8,Professional,Organic,Germany,0,0.3180663192148614,Medium,Send personalized content recommendation
SP-01920,32,117.87,8,1,0,4.1,0,21,Basic,Paid,Portugal,0,0.3179880631865626,Medium,Send re-engagement journey
SP-02226,38,98.29,8,4,2,3.4,0,7,Basic,Referral,Portugal,0,0.31793734915931887,Medium,Send personalized content recommendation
SP-01929,11,84.49,6,5,0,4.1,0,13,Professional,Organic,Germany,0,0.3176533753453967,Medium,Send personalized content recommendation
SP-00022,23,61.95,10,5,1,3.7,0,11,Professional,Organic,United Kingdom,0,0.31761349110272385,Medium,Send personalized content recommendation
SP-00962,25,129.54,9,5,1,4.4,0,20,Basic,Organic,United Kingdom,1,0.3176091619076662,Medium,Send personalized content recommendation
SP-02498,54,126.8,4,1,1,4.7,1,16,Basic,Organic,United Kingdom,0,0.31760283588686344,Medium,Send personalized content recommendation
SP-00892,43,60.84,7,2,1,4.8,2,12,Basic,Paid,United Kingdom,0,0.3175134812001203,Medium,Offer billing support or flexible payment plan
SP-01175,1,77.38,7,3,2,5.0,1,2,Basic,Organic,Germany,0,0.3174324168534761,Medium,Send personalized content recommendation
SP-00615,42,72.12,5,4,1,3.1,0,5,Professional,Organic,Germany,0,0.3172228893828499,Medium,Send personalized content recommendation
SP-00868,51,134.73,6,2,2,3.6,0,11,Professional,Referral,Portugal,0,0.3169386509970598,Medium,Send personalized content recommendation
SP-02069,20,183.54,5,3,1,3.3,0,11,Enterprise,Organic,Germany,0,0.31692899912210076,Medium,Send personalized content recommendation
SP-00455,36,83.61,7,3,4,4.3,1,5,Enterprise,Organic,Portugal,0,0.31662247061323257,Medium,Escalate unresolved service issues
SP-00256,9,88.11,11,5,2,3.4,1,3,Enterprise,Organic,United Kingdom,0,0.3166102737610025,Medium,Send personalized content recommendation
SP-00113,34,81.69,9,4,1,4.4,0,21,Basic,Paid,Germany,0,0.3160704110155857,Medium,Send re-engagement journey
SP-02167,19,111.48,8,4,0,4.5,0,22,Basic,Paid,United Kingdom,0,0.3158303843885694,Medium,Send re-engagement journey
SP-01403,18,111.86,8,2,1,5.0,2,9,Professional,Partner,United Kingdom,0,0.3140749423354618,Medium,Offer billing support or flexible payment plan
SP-00721,9,65.85,10,1,1,4.1,0,7,Professional,Referral,Portugal,1,0.31399912343851316,Medium,Send personalized content recommendation
SP-01293,27,72.16,7,3,1,3.6,0,4,Basic,Partner,United Kingdom,0,0.31375363058898476,Medium,Send personalized content recommendation
SP-01445,9,105.95,12,5,2,3.3,0,3,Professional,Organic,United Kingdom,0,0.3133839463773852,Medium,Send personalized content recommendation
SP-01053,31,63.48,8,3,0,3.6,1,9,Basic,Paid,Germany,0,0.3130860030662291,Medium,Send personalized content recommendation
SP-02458,57,96.06,6,4,2,2.5,0,3,Professional,Organic,Portugal,0,0.31234208913550016,Medium,Send personalized content recommendation
SP-00638,18,117.63,8,3,1,4.1,1,8,Basic,Organic,Portugal,0,0.3122925728075446,Medium,Send personalized content recommendation
SP-00546,4,141.03,13,6,1,4.1,0,20,Professional,Paid,United Kingdom,0,0.3120392089927938,Medium,Send personalized content recommendation
SP-00039,17,182.32,10,3,1,3.4,0,10,Professional,Partner,United Kingdom,0,0.3120174409061728,Medium,Send personalized content recommendation
SP-01220,27,44.31,16,5,1,3.6,1,18,Enterprise,Referral,Germany,0,0.3115206199221564,Medium,Send personalized content recommendation
SP-01786,15,136.59,9,8,1,3.2,0,10,Basic,Organic,Germany,0,0.31143284011818617,Medium,Send personalized content recommendation
SP-00203,30,86.26,12,3,1,3.7,1,15,Enterprise,Referral,Germany,0,0.31125714972525104,Medium,Send personalized content recommendation
SP-01189,34,82.44,13,7,2,3.6,1,13,Professional,Paid,United Kingdom,0,0.31112115074026925,Medium,Send personalized content recommendation
SP-01516,56,92.09,8,6,3,4.4,0,19,Basic,Referral,Portugal,0,0.3109120155637014,Medium,Escalate unresolved service issues
SP-00391,45,99.42,7,5,1,3.2,0,10,Basic,Referral,Germany,0,0.31075246314604066,Medium,Send personalized content recommendation
SP-01708,55,70.4,11,2,2,4.3,0,24,Enterprise,Referral,United Kingdom,0,0.31067554651481943,Medium,Send re-engagement journey
SP-01341,33,70.96,9,5,1,4.4,0,22,Professional,Paid,Germany,0,0.31058383084523195,Medium,Send re-engagement journey
SP-00149,50,83.08,4,2,1,4.9,2,12,Basic,Referral,Portugal,0,0.31047952024222886,Medium,Offer billing support or flexible payment plan
SP-02037,36,103.72,6,5,0,4.2,2,11,Basic,Referral,United Kingdom,0,0.31046403629083524,Medium,Offer billing support or flexible payment plan
SP-02196,49,58.75,8,1,1,3.2,1,3,Basic,Paid,Germany,0,0.3103861612861208,Medium,Send personalized content recommendation
SP-00360,45,141.16,9,4,2,3.1,0,9,Professional,Organic,United Kingdom,0,0.3103606528313286,Medium,Send personalized content recommendation
SP-00945,8,128.9,9,2,1,3.6,0,9,Enterprise,Partner,United Kingdom,0,0.31026465230564043,Medium,Send personalized content recommendation
SP-01677,9,62.97,12,1,0,4.2,0,12,Basic,Organic,United Kingdom,0,0.30923410401844575,Medium,Send personalized content recommendation
SP-02342,24,102.21,3,4,3,4.4,0,2,Basic,Organic,Portugal,0,0.3092196058174178,Medium,Escalate unresolved service issues
SP-02017,25,99.42,4,8,0,3.8,0,21,Enterprise,Organic,United Kingdom,0,0.30885210725790374,Medium,Send re-engagement journey
SP-00771,40,50.23,12,4,1,3.5,1,9,Professional,Referral,United Kingdom,0,0.3088520039462873,Medium,Send personalized content recommendation
SP-01894,43,132.58,0,4,0,2.9,0,4,Professional,Partner,United Kingdom,0,0.3088233690964486,Medium,Send personalized content recommendation
SP-02188,16,101.67,7,5,1,2.8,0,4,Enterprise,Organic,United Kingdom,0,0.3083375643525824,Medium,Send personalized content recommendation
SP-02070,26,104.95,6,4,0,3.6,1,7,Professional,Referral,Germany,0,0.30817479683733146,Medium,Send personalized content recommendation
SP-02183,37,106.38,9,5,1,3.8,1,18,Enterprise,Referral,Germany,0,0.3081714370251927,Medium,Send personalized content recommendation
SP-00490,37,78.41,9,4,0,3.8,2,12,Professional,Organic,Portugal,0,0.3078541417346906,Medium,Offer billing support or flexible payment plan
SP-02328,11,84.2,7,6,1,4.4,0,13,Professional,Organic,Germany,0,0.3078010783097569,Medium,Send personalized content recommendation
SP-01111,38,174.43,10,5,2,4.0,0,19,Professional,Referral,United Kingdom,0,0.3076932966600808,Medium,Send personalized content recommendation
SP-02120,43,63.07,5,3,1,3.5,0,5,Basic,Referral,Germany,0,0.30753421135245756,Medium,Send personalized content recommendation
SP-02404,34,92.04,11,1,1,3.1,0,7,Basic,Organic,Portugal,0,0.30750246798518704,Medium,Send personalized content recommendation
SP-01673,17,85.35,5,1,1,4.7,0,9,Professional,Organic,Germany,0,0.3074552076266863,Medium,Send personalized content recommendation
SP-00321,20,62.87,10,4,3,4.6,0,7,Basic,Organic,Germany,1,0.30648367724109976,Medium,Escalate unresolved service issues
SP-01086,51,174.5,7,3,2,4.9,1,22,Basic,Referral,Portugal,0,0.30637842997636333,Medium,Send re-engagement journey
SP-01731,47,81.68,9,3,0,3.2,1,11,Professional,Organic,Germany,0,0.3058184217126741,Medium,Send personalized content recommendation
SP-00624,26,62.57,7,2,1,4.5,2,8,Enterprise,Referral,Germany,0,0.3057936219043517,Medium,Offer billing support or flexible payment plan
SP-01868,46,136.09,8,6,2,3.4,0,12,Basic,Partner,Germany,0,0.3057268962597347,Medium,Send personalized content recommendation
SP-02479,5,67.93,11,5,0,5.0,1,18,Basic,Partner,Germany,0,0.30551973274670546,Medium,Send personalized content recommendation
SP-01081,56,44.31,8,3,1,3.8,0,16,Basic,Paid,United Kingdom,0,0.30538528277349364,Medium,Send personalized content recommendation
SP-00237,40,79.71,11,3,0,3.2,1,9,Basic,Partner,United Kingdom,0,0.30527273879761196,Medium,Send personalized content recommendation
SP-02368,11,231.37,13,6,2,4.1,2,13,Basic,Paid,Germany,0,0.30483948396621885,Medium,Offer billing support or flexible payment plan
SP-00242,36,207.02,9,1,2,3.2,1,2,Professional,Partner,United Kingdom,0,0.304737880135429,Medium,Send personalized content recommendation
SP-00134,34,44.72,3,3,2,5.0,1,11,Enterprise,Organic,Germany,0,0.3046923579610746,Medium,Send personalized content recommendation
SP-01014,19,51.28,7,4,1,3.5,0,7,Enterprise,Referral,Germany,0,0.30389883572998516,Medium,Send personalized content recommendation
SP-02177,7,89.4,5,5,2,4.3,0,7,Enterprise,Partner,United Kingdom,0,0.3038485944224538,Medium,Send personalized content recommendation
SP-00505,17,90.08,7,4,1,4.8,0,18,Professional,Paid,Germany,0,0.3038205511117446,Medium,Send personalized content recommendation
SP-00313,8,57.34,12,2,0,5.0,0,20,Basic,Partner,Germany,0,0.30374199857966927,Medium,Send personalized content recommendation
SP-00337,58,91.91,9,3,0,3.3,0,22,Professional,Paid,Germany,0,0.3036928300030288,Medium,Send re-engagement journey
SP-02144,37,94.57,7,3,1,4.4,2,10,Professional,Organic,Portugal,0,0.3025686987634124,Medium,Offer billing support or flexible payment plan
SP-00089,47,52.79,14,2,2,2.9,1,5,Professional,Paid,Portugal,0,0.30246422931389216,Medium,Send personalized content recommendation
SP-01787,12,55.13,3,3,0,4.0,1,4,Enterprise,Organic,United Kingdom,0,0.3022326368174134,Medium,Send personalized content recommendation
SP-01906,15,62.74,10,4,0,3.6,0,9,Basic,Referral,Germany,0,0.30222716143016215,Medium,Send personalized content recommendation
SP-00658,38,133.67,12,1,3,3.8,0,7,Professional,Referral,United Kingdom,0,0.3018576171810079,Medium,Escalate unresolved service issues
SP-01394,45,108.15,6,1,0,2.9,0,9,Professional,Paid,Germany,0,0.30185314760712173,Medium,Send personalized content recommendation
SP-00348,57,101.18,9,2,1,2.8,0,9,Professional,Organic,United Kingdom,0,0.3017791708345303,Medium,Send personalized content recommendation
SP-02319,52,36.84,15,2,1,3.3,1,12,Basic,Paid,United Kingdom,0,0.3017451922756672,Medium,Send personalized content recommendation
SP-01600,43,63.04,11,4,2,3.6,0,11,Professional,Organic,Germany,0,0.30162921625974226,Medium,Send personalized content recommendation
SP-00139,21,46.44,13,4,2,4.3,1,15,Enterprise,Organic,Portugal,0,0.30100509119541824,Medium,Send personalized content recommendation
SP-01125,51,93.3,2,2,3,4.0,1,3,Enterprise,Referral,Portugal,0,0.3009472467156375,Medium,Escalate unresolved service issues
SP-01201,53,83.23,11,6,0,4.2,4,15,Basic,Partner,Portugal,0,0.30094607001959883,Medium,Offer billing support or flexible payment plan
SP-01534,12,48.6,13,7,1,4.6,2,11,Professional,Partner,United Kingdom,0,0.29923900116256524,Low,Offer billing support or flexible payment plan
SP-02054,57,61.55,7,2,3,4.4,0,10,Professional,Organic,United Kingdom,0,0.2988314523670531,Low,Escalate unresolved service issues
SP-00558,53,94.24,6,3,1,3.7,1,16,Enterprise,Referral,Portugal,0,0.29874597621018034,Low,Maintain regular engagement
SP-01469,47,71.98,10,3,0,3.0,0,12,Basic,Referral,Germany,0,0.2985972015843158,Low,Maintain regular engagement
SP-02267,42,90.13,11,3,0,3.9,2,13,Professional,Partner,United Kingdom,0,0.29846435979466573,Low,Offer billing support or flexible payment plan
SP-00283,41,92.33,8,5,1,3.7,0,16,Basic,Paid,Germany,0,0.2982447923122612,Low,Maintain regular engagement
SP-02424,50,190.7,6,1,1,4.0,2,11,Basic,Paid,Germany,1,0.29808208487403715,Low,Offer billing support or flexible payment plan
SP-00607,20,43.43,8,1,3,4.9,0,3,Professional,Organic,Germany,0,0.2980461773581934,Low,Escalate unresolved service issues
SP-01881,24,81.89,10,5,0,3.4,0,13,Professional,Organic,United Kingdom,0,0.29804058614895873,Low,Maintain regular engagement
SP-00489,46,90.9,9,5,1,2.9,0,12,Professional,Paid,Germany,0,0.29774031335260726,Low,Maintain regular engagement
SP-01771,21,71.74,7,2,1,5.0,0,16,Basic,Paid,Germany,0,0.2964224414639379,Low,Maintain regular engagement
SP-00997,32,96.57,7,3,2,3.7,0,6,Professional,Paid,Germany,0,0.295656676136871,Low,Maintain regular engagement
SP-00816,51,53.77,5,8,0,4.4,3,14,Professional,Organic,Germany,0,0.2956143029483595,Low,Offer billing support or flexible payment plan
SP-02296,49,142.05,10,4,1,2.8,2,3,Basic,Organic,Germany,0,0.29543990065018333,Low,Offer billing support or flexible payment plan
SP-02335,34,116.0,9,3,1,3.2,0,10,Professional,Paid,Germany,0,0.29527431156733647,Low,Maintain regular engagement
SP-00806,47,80.57,7,3,2,4.1,1,6,Professional,Partner,United Kingdom,0,0.29522983836776606,Low,Maintain regular engagement
SP-01637,10,104.37,11,3,0,3.7,0,11,Basic,Organic,Germany,0,0.29517532878292563,Low,Maintain regular engagement
SP-00618,16,105.56,11,6,1,4.3,1,13,Professional,Referral,United Kingdom,0,0.2947232517797843,Low,Maintain regular engagement
SP-00295,33,101.46,10,3,4,5.0,0,9,Basic,Referral,United Kingdom,0,0.2945278416692305,Low,Escalate unresolved service issues
SP-01597,40,86.96,12,4,2,2.8,0,4,Professional,Organic,United Kingdom,0,0.2945024453149475,Low,Maintain regular engagement
SP-00417,59,103.75,4,3,1,4.4,1,16,Basic,Partner,Portugal,0,0.29441902342251014,Low,Maintain regular engagement
SP-00995,32,131.47,6,5,1,3.7,1,6,Basic,Organic,United Kingdom,0,0.29356502806475365,Low,Maintain regular engagement
SP-00958,39,98.52,8,5,5,4.1,0,1,Professional,Paid,United Kingdom,0,0.2930212844814562,Low,Escalate unresolved service issues
SP-00453,30,106.16,7,2,1,4.1,0,11,Basic,Referral,Portugal,0,0.2929963336977242,Low,Maintain regular engagement
SP-01791,36,110.41,8,1,2,4.0,0,7,Professional,Partner,Germany,0,0.2925576778097719,Low,Maintain regular engagement
SP-00071,48,106.46,15,3,0,3.0,1,15,Basic,Partner,United Kingdom,0,0.2925191788661821,Low,Maintain regular engagement
SP-01393,60,74.36,10,4,1,4.3,3,13,Professional,Organic,Germany,0,0.29246884676897084,Low,Offer billing support or flexible payment plan
SP-02483,11,167.54,6,7,1,3.0,0,3,Professional,Organic,United Kingdom,0,0.29208840019298843,Low,Maintain regular engagement
SP-01694,24,74.67,7,3,1,3.6,1,5,Enterprise,Organic,Germany,0,0.2919019349838837,Low,Maintain regular engagement
SP-02288,50,65.57,10,4,1,4.1,2,13,Professional,Partner,Portugal,0,0.29157992484903883,Low,Offer billing support or flexible payment plan
SP-00316,40,34.52,5,4,3,4.2,0,9,Enterprise,Paid,Germany,0,0.291481607613304,Low,Escalate unresolved service issues
SP-00915,36,68.59,9,4,0,3.6,1,10,Basic,Organic,Germany,0,0.29129565965937315,Low,Maintain regular engagement
SP-00860,49,129.09,6,3,2,2.8,0,3,Professional,Paid,Germany,1,0.29124562525428693,Low,Maintain regular engagement
SP-01218,44,161.72,11,4,1,2.3,0,8,Professional,Referral,Germany,0,0.2909339051725257,Low,Maintain regular engagement
SP-01917,17,53.82,10,5,2,4.0,0,10,Enterprise,Referral,United Kingdom,0,0.29081774277756234,Low,Maintain regular engagement
SP-00395,44,93.9,5,1,0,3.3,1,4,Basic,Organic,Portugal,0,0.2907653784832218,Low,Maintain regular engagement
SP-00494,37,130.29,8,0,2,4.4,2,2,Professional,Partner,Germany,0,0.2906065510005999,Low,Offer billing support or flexible payment plan
SP-01919,28,36.91,4,5,1,3.9,0,7,Basic,Paid,Portugal,0,0.2904799090005325,Low,Maintain regular engagement
SP-01644,36,73.87,10,4,2,3.4,0,5,Professional,Referral,Germany,0,0.2901589169861715,Low,Maintain regular engagement
SP-01579,7,97.84,6,3,2,5.0,0,8,Basic,Organic,Portugal,0,0.28995173382416994,Low,Maintain regular engagement
SP-00502,40,87.93,10,2,1,3.0,0,6,Professional,Organic,Germany,0,0.289864265626932,Low,Maintain regular engagement
SP-00048,54,28.54,14,4,3,3.2,0,6,Professional,Organic,United Kingdom,0,0.28944603139316255,Low,Escalate unresolved service issues
SP-01440,58,59.47,7,5,0,4.2,0,25,Basic,Organic,Germany,0,0.2893493999750882,Low,Send re-engagement journey
SP-00603,45,155.13,8,2,1,4.0,0,19,Basic,Organic,Portugal,0,0.28851437015264414,Low,Maintain regular engagement
SP-00401,60,90.39,8,7,1,2.5,0,10,Professional,Referral,United Kingdom,0,0.28834841454580973,Low,Maintain regular engagement
SP-02224,26,84.29,9,3,0,4.6,1,18,Professional,Partner,Portugal,0,0.2881556600818798,Low,Maintain regular engagement
SP-01841,26,46.88,12,4,1,3.1,0,14,Enterprise,Paid,Portugal,0,0.2880105308033347,Low,Maintain regular engagement
SP-02202,1,86.95,12,3,1,4.0,0,8,Basic,Paid,Germany,0,0.28797288392162407,Low,Maintain regular engagement
SP-01862,18,136.14,10,1,2,5.0,1,9,Basic,Referral,Germany,0,0.287783437864374,Low,Maintain regular engagement
SP-00484,48,39.38,5,3,0,3.7,1,11,Professional,Paid,Portugal,0,0.28777629480461114,Low,Maintain regular engagement
SP-00298,27,84.58,5,2,1,4.6,2,11,Enterprise,Paid,Portugal,0,0.2876351169255803,Low,Offer billing support or flexible payment plan
SP-00586,56,132.4,8,3,2,4.6,0,30,Enterprise,Paid,Germany,0,0.2867477567077962,Low,Send re-engagement journey
SP-01489,7,205.72,8,4,0,3.9,2,8,Basic,Paid,Germany,0,0.28654135227210203,Low,Offer billing support or flexible payment plan
SP-00110,43,114.46,6,4,0,2.9,0,9,Professional,Referral,Germany,0,0.2859500434867041,Low,Maintain regular engagement
SP-02229,18,132.73,11,4,1,3.8,0,13,Professional,Organic,Germany,0,0.28545509761029975,Low,Maintain regular engagement
SP-02160,21,67.96,9,2,3,5.0,0,6,Professional,Referral,United Kingdom,1,0.28512734176628346,Low,Escalate unresolved service issues
SP-01408,53,46.78,8,3,3,3.5,0,7,Enterprise,Organic,Germany,0,0.2845889386462767,Low,Escalate unresolved service issues
SP-01057,27,95.14,4,3,3,4.9,0,5,Professional,Organic,Germany,0,0.28452930941095717,Low,Escalate unresolved service issues
SP-02136,42,109.11,17,6,1,4.2,0,31,Professional,Referral,United Kingdom,0,0.2844966174674284,Low,Send re-engagement journey
SP-02097,57,98.91,8,7,4,3.9,0,11,Professional,Partner,Portugal,0,0.2844089424473354,Low,Escalate unresolved service issues
SP-01648,40,32.83,9,3,0,4.0,1,13,Basic,Paid,Germany,0,0.2841130596137178,Low,Maintain regular engagement
SP-01042,52,108.95,6,3,1,4.1,3,9,Enterprise,Organic,United Kingdom,0,0.2838794975379549,Low,Offer billing support or flexible payment plan
SP-01183,42,98.27,6,1,1,3.8,1,5,Professional,Partner,Portugal,0,0.2838470985027938,Low,Maintain regular engagement
SP-00516,7,82.68,14,4,1,3.3,0,7,Professional,Organic,Portugal,0,0.2837073072207232,Low,Maintain regular engagement
SP-01169,60,75.59,9,6,0,3.3,0,21,Professional,Referral,United Kingdom,0,0.28369711360748306,Low,Send re-engagement journey
SP-01778,10,53.64,8,4,0,4.5,1,9,Basic,Referral,Portugal,0,0.2836742504244429,Low,Maintain regular engagement
SP-00866,42,92.95,15,3,3,3.7,0,10,Basic,Organic,Germany,0,0.2833623037921234,Low,Escalate unresolved service issues
SP-02062,34,103.5,9,2,1,4.0,3,7,Enterprise,Paid,Germany,0,0.28321567571128886,Low,Offer billing support or flexible payment plan
SP-00879,33,127.7,10,6,3,3.6,0,9,Professional,Paid,Germany,0,0.2825146031527477,Low,Escalate unresolved service issues
SP-00201,22,38.75,11,2,2,4.4,2,3,Enterprise,Referral,Germany,0,0.2824677719968026,Low,Offer billing support or flexible payment plan
SP-02131,44,141.29,4,3,1,3.6,0,12,Basic,Paid,Portugal,0,0.2822661542453131,Low,Maintain regular engagement
SP-02098,52,133.55,8,2,2,4.2,1,10,Basic,Referral,Germany,0,0.28189454658782115,Low,Maintain regular engagement
SP-01376,58,64.63,8,3,2,4.2,2,4,Basic,Referral,United Kingdom,0,0.2818798815472714,Low,Offer billing support or flexible payment plan
SP-02380,40,118.92,7,3,1,4.7,0,19,Basic,Partner,United Kingdom,0,0.28186781870638616,Low,Maintain regular engagement
SP-00292,17,73.7,5,5,0,4.3,2,6,Basic,Paid,Portugal,0,0.28154573253756976,Low,Offer billing support or flexible payment plan
SP-01797,59,42.76,11,4,2,3.8,1,15,Enterprise,Referral,United Kingdom,0,0.2815446164578047,Low,Maintain regular engagement
SP-02206,48,95.33,5,3,2,5.0,1,19,Enterprise,Organic,Germany,0,0.28122215978898896,Low,Maintain regular engagement
SP-01045,43,186.05,9,2,2,5.0,2,14,Basic,Referral,United Kingdom,0,0.2804517096934515,Low,Offer billing support or flexible payment plan
SP-02351,33,98.46,9,2,1,4.3,0,14,Basic,Organic,Germany,0,0.28036298826024075,Low,Maintain regular engagement
SP-02405,24,92.88,6,1,0,3.6,0,5,Basic,Referral,Portugal,0,0.2803123792461588,Low,Maintain regular engagement
SP-01460,31,126.82,5,3,1,4.8,2,10,Professional,Organic,Portugal,0,0.2803044032804281,Low,Offer billing support or flexible payment plan
SP-02478,11,124.09,5,3,0,4.3,0,11,Professional,Organic,Germany,0,0.2799350480670711,Low,Maintain regular engagement
SP-02135,27,37.41,11,4,1,4.9,1,17,Professional,Paid,United Kingdom,0,0.27984974213779595,Low,Maintain regular engagement
SP-02276,26,38.67,12,3,2,4.5,1,6,Basic,Organic,Germany,0,0.279826082984436,Low,Maintain regular engagement
SP-01439,20,127.61,4,6,1,3.1,0,2,Professional,Organic,Portugal,0,0.2796366081974315,Low,Maintain regular engagement
SP-00550,41,74.89,8,1,1,4.1,0,14,Basic,Paid,Portugal,0,0.2794532731275498,Low,Maintain regular engagement
SP-02332,52,126.78,5,0,1,3.1,0,11,Enterprise,Paid,Germany,0,0.27944927043821105,Low,Maintain regular engagement
SP-00156,40,130.2,8,0,1,4.1,0,11,Basic,Referral,United Kingdom,0,0.27930540572757984,Low,Maintain regular engagement
SP-00260,36,45.02,2,3,1,4.5,1,1,Basic,Partner,United Kingdom,0,0.27921986016820616,Low,Maintain regular engagement
SP-01033,44,33.45,7,7,1,4.0,2,5,Basic,Referral,Germany,0,0.27920944277491727,Low,Offer billing support or flexible payment plan
SP-02393,38,141.74,7,3,1,3.9,1,8,Basic,Organic,United Kingdom,0,0.27920359833460756,Low,Maintain regular engagement
SP-01230,18,42.28,8,2,2,4.1,1,2,Enterprise,Organic,Portugal,0,0.2791967160778708,Low,Maintain regular engagement
SP-01069,21,56.93,3,6,0,3.2,0,1,Professional,Organic,Germany,0,0.2791339517330706,Low,Maintain regular engagement
SP-00224,13,81.03,8,6,1,3.9,1,2,Basic,Partner,Germany,0,0.27909504265883384,Low,Maintain regular engagement
SP-00323,37,45.94,10,4,0,4.8,2,15,Basic,Referral,United Kingdom,0,0.27866640396911496,Low,Offer billing support or flexible payment plan
SP-01130,39,144.82,7,1,1,2.9,0,3,Basic,Organic,Portugal,0,0.2785779282673471,Low,Maintain regular engagement
SP-02074,21,116.73,6,1,1,5.0,0,14,Basic,Referral,Portugal,0,0.2783289070443987,Low,Maintain regular engagement
SP-00276,29,79.62,8,3,3,5.0,0,15,Enterprise,Partner,Germany,0,0.2782167279807091,Low,Escalate unresolved service issues
SP-02432,32,108.98,13,4,1,3.0,0,11,Professional,Referral,Portugal,0,0.2781350368182178,Low,Maintain regular engagement
SP-01783,2,55.18,10,5,1,4.8,1,15,Enterprise,Paid,United Kingdom,0,0.27803878257218506,Low,Maintain regular engagement
SP-01873,37,94.09,6,5,0,4.1,0,23,Enterprise,Referral,United Kingdom,0,0.27770296917116954,Low,Send re-engagement journey
SP-02438,41,160.45,10,3,2,2.7,0,4,Basic,Organic,Portugal,0,0.27762582834233046,Low,Maintain regular engagement
SP-00506,28,194.18,6,4,1,4.6,2,13,Professional,Paid,United Kingdom,0,0.2764669393556247,Low,Offer billing support or flexible payment plan
SP-01343,8,45.6,11,6,3,3.8,0,3,Enterprise,Organic,Germany,1,0.27646079183354927,Low,Escalate unresolved service issues
SP-00939,28,63.61,2,2,0,3.8,0,7,Enterprise,Referral,United Kingdom,0,0.2763939409518671,Low,Maintain regular engagement
SP-01398,40,94.73,0,5,2,3.2,0,1,Enterprise,Referral,Portugal,0,0.2762877742090229,Low,Maintain regular engagement
SP-01613,41,78.13,8,4,2,3.3,0,3,Basic,Referral,Portugal,0,0.2761187953591397,Low,Maintain regular engagement
SP-01473,27,149.82,9,5,4,4.8,0,10,Professional,Partner,Germany,0,0.2759509256336674,Low,Escalate unresolved service issues
SP-01415,36,195.04,4,4,0,2.3,0,9,Enterprise,Organic,Germany,0,0.27582456237358255,Low,Maintain regular engagement
SP-00088,19,87.99,9,3,0,4.6,0,17,Basic,Organic,United Kingdom,0,0.2757420729693508,Low,Maintain regular engagement
SP-00465,1,62.11,7,5,1,4.6,0,12,Enterprise,Referral,Germany,0,0.27547719809335075,Low,Maintain regular engagement
SP-00213,48,103.97,8,3,2,4.3,1,9,Basic,Partner,Germany,0,0.2752892008218716,Low,Maintain regular engagement
SP-01942,16,138.3,13,3,1,3.8,0,12,Professional,Partner,United Kingdom,0,0.27469532822885495,Low,Maintain regular engagement
SP-01640,17,83.13,7,2,1,3.9,1,5,Enterprise,Paid,United Kingdom,0,0.27448170497612134,Low,Maintain regular engagement
SP-00972,26,75.68,8,4,1,4.4,1,8,Basic,Organic,Germany,0,0.27444531267843675,Low,Maintain regular engagement
SP-01606,54,78.93,8,8,1,3.7,0,19,Basic,Partner,Germany,0,0.27439535986635183,Low,Maintain regular engagement
SP-02212,47,122.57,3,3,0,3.1,0,7,Professional,Organic,United Kingdom,0,0.27428681909433833,Low,Maintain regular engagement
SP-01843,49,123.31,10,2,1,4.2,0,19,Basic,Partner,United Kingdom,0,0.2741741882022161,Low,Maintain regular engagement
SP-01555,28,86.15,8,5,2,3.6,0,11,Enterprise,Paid,Germany,0,0.2741131860552338,Low,Maintain regular engagement
SP-00435,27,51.23,5,5,0,4.4,0,17,Basic,Paid,Portugal,0,0.2739332669393648,Low,Maintain regular engagement
SP-00529,55,89.19,6,3,1,3.8,0,13,Professional,Organic,United Kingdom,0,0.2738250934985874,Low,Maintain regular engagement
SP-02461,21,75.36,10,1,0,3.3,0,4,Professional,Referral,Germany,1,0.27378835075637287,Low,Maintain regular engagement
SP-00181,57,127.73,13,4,1,2.6,1,12,Professional,Paid,Germany,0,0.2728891605597136,Low,Maintain regular engagement
SP-01847,25,101.42,3,2,0,3.5,0,7,Enterprise,Referral,Germany,0,0.27270892297064886,Low,Maintain regular engagement
SP-02187,19,159.4,7,2,0,3.2,0,4,Basic,Organic,United Kingdom,0,0.27246299363794935,Low,Maintain regular engagement
SP-00425,26,94.71,9,2,1,4.4,1,11,Basic,Paid,Portugal,0,0.272234420752023,Low,Maintain regular engagement
SP-01186,19,91.4,4,4,1,4.7,0,11,Basic,Paid,Germany,0,0.2721292030627095,Low,Maintain regular engagement
SP-02494,37,60.81,3,2,0,4.8,1,10,Professional,Referral,United Kingdom,0,0.27207668754227926,Low,Maintain regular engagement
SP-01204,46,89.41,6,3,2,3.7,0,7,Professional,Paid,Germany,0,0.2719036625475729,Low,Maintain regular engagement
SP-01618,31,117.76,14,5,2,3.0,0,6,Basic,Referral,Germany,0,0.27168913132793676,Low,Maintain regular engagement
SP-00092,49,102.28,8,6,2,3.9,2,5,Basic,Organic,Germany,0,0.27167880719891085,Low,Offer billing support or flexible payment plan
SP-01418,27,83.5,10,2,0,3.5,0,17,Enterprise,Organic,Portugal,0,0.2712293102064675,Low,Maintain regular engagement
SP-01152,31,104.29,10,3,3,4.6,0,11,Professional,Referral,Portugal,0,0.27122907907124905,Low,Escalate unresolved service issues
SP-02242,40,66.74,11,0,0,3.3,0,12,Basic,Paid,Portugal,0,0.2710816135338589,Low,Maintain regular engagement
SP-01865,51,73.33,13,4,1,3.6,0,20,Professional,Partner,Portugal,0,0.2704845072451815,Low,Maintain regular engagement
SP-01933,51,75.39,7,2,1,3.1,0,3,Basic,Organic,United Kingdom,0,0.27037014982699586,Low,Maintain regular engagement
SP-01030,21,73.68,7,5,1,4.5,1,6,Basic,Partner,United Kingdom,0,0.2701660980070918,Low,Maintain regular engagement
SP-00183,30,79.32,7,2,1,4.0,1,2,Professional,Organic,United Kingdom,0,0.27006464021212573,Low,Maintain regular engagement
SP-00764,57,110.13,6,5,1,4.1,1,14,Basic,Partner,United Kingdom,0,0.2699707904694723,Low,Maintain regular engagement
SP-02443,1,87.45,9,4,3,4.4,0,3,Enterprise,Referral,Germany,0,0.26990980869267056,Low,Escalate unresolved service issues
SP-01577,33,118.95,9,2,1,3.4,1,8,Enterprise,Organic,Germany,0,0.26968823708831285,Low,Maintain regular engagement
SP-00956,37,106.22,13,1,2,3.5,0,9,Professional,Paid,Germany,0,0.2695046073622726,Low,Maintain regular engagement
SP-02406,50,119.88,9,2,1,3.3,0,11,Basic,Referral,Portugal,0,0.2693187029074069,Low,Maintain regular engagement
SP-01212,47,109.4,12,3,0,2.3,1,5,Basic,Referral,Portugal,0,0.26880295825020106,Low,Maintain regular engagement
SP-01039,27,54.17,7,3,0,3.7,1,4,Basic,Paid,Germany,0,0.2683757708435351,Low,Maintain regular engagement
SP-00697,44,77.87,10,6,2,3.6,1,7,Basic,Paid,United Kingdom,0,0.2681165327961697,Low,Maintain regular engagement
SP-01838,19,57.37,11,6,2,4.3,2,8,Enterprise,Partner,Portugal,0,0.2677905482158398,Low,Offer billing support or flexible payment plan
SP-01413,16,107.52,8,3,1,4.1,0,6,Basic,Referral,Germany,0,0.2673837484084204,Low,Maintain regular engagement
SP-01177,19,113.22,8,5,1,5.0,0,20,Professional,Organic,Germany,0,0.26731724487102415,Low,Maintain regular engagement
SP-00859,41,120.14,9,5,2,4.0,1,8,Basic,Organic,United Kingdom,0,0.2670190050560459,Low,Maintain regular engagement
SP-01828,60,121.67,1,2,3,4.5,0,6,Professional,Referral,Germany,0,0.26700849871385457,Low,Escalate unresolved service issues
SP-00286,57,55.27,4,4,3,5.0,1,6,Basic,Referral,United Kingdom,0,0.26700293462218894,Low,Escalate unresolved service issues
SP-01401,52,58.95,9,6,0,3.1,0,17,Professional,Paid,United Kingdom,0,0.2662858453866302,Low,Maintain regular engagement
SP-02266,6,128.1,6,3,0,3.8,1,5,Enterprise,Referral,United Kingdom,0,0.26611281205910736,Low,Maintain regular engagement
SP-01863,51,39.59,11,2,0,2.1,0,2,Basic,Referral,Portugal,0,0.2659237647447848,Low,Maintain regular engagement
SP-01765,35,82.82,6,3,2,4.9,1,8,Professional,Organic,Germany,0,0.26585748461724423,Low,Maintain regular engagement
SP-01871,3,165.63,7,4,1,4.5,1,6,Professional,Partner,Germany,0,0.2658522182896751,Low,Maintain regular engagement
SP-02005,48,77.11,13,1,2,3.2,0,5,Professional,Referral,Germany,0,0.2656852077253636,Low,Maintain regular engagement
SP-00903,14,129.13,11,4,1,5.0,0,21,Professional,Organic,United Kingdom,0,0.2656760232365563,Low,Send re-engagement journey
SP-00378,45,116.77,9,3,2,3.8,0,9,Basic,Partner,Germany,0,0.26507884058762754,Low,Maintain regular engagement
SP-01087,49,82.03,10,2,2,3.9,1,4,Basic,Partner,United Kingdom,0,0.2649895190393495,Low,Maintain regular engagement
SP-00909,23,106.87,15,0,0,3.6,0,13,Basic,Organic,Germany,1,0.26478562996920907,Low,Maintain regular engagement
SP-00814,18,131.05,14,4,0,3.0,1,15,Enterprise,Paid,Germany,0,0.26476581816975636,Low,Maintain regular engagement
SP-00151,52,105.86,9,4,2,4.0,1,9,Basic,Referral,Germany,0,0.2646710421591198,Low,Maintain regular engagement
SP-00828,54,106.88,7,3,3,4.3,0,8,Basic,Referral,United Kingdom,0,0.2641481386228635,Low,Escalate unresolved service issues
SP-00766,47,134.27,6,5,0,3.7,1,16,Professional,Partner,Portugal,1,0.2640170568342945,Low,Maintain regular engagement
SP-00038,50,47.42,8,6,2,3.9,1,7,Professional,Organic,Germany,0,0.26395460492678396,Low,Maintain regular engagement
SP-01434,34,49.83,13,3,2,5.0,2,12,Professional,Organic,Portugal,0,0.263530929189551,Low,Offer billing support or flexible payment plan
SP-01145,20,126.5,5,6,0,4.4,0,19,Professional,Organic,Portugal,0,0.2634680759432353,Low,Maintain regular engagement
SP-00854,15,92.84,12,1,0,3.0,0,10,Enterprise,Paid,Germany,0,0.26312673076991194,Low,Maintain regular engagement
SP-00670,8,33.81,8,5,0,4.8,0,14,Professional,Partner,Germany,0,0.263104785174051,Low,Maintain regular engagement
SP-01792,53,113.1,3,4,0,3.7,1,10,Professional,Organic,United Kingdom,0,0.2630818002519156,Low,Maintain regular engagement
SP-02000,17,53.78,13,4,1,4.5,2,5,Basic,Referral,Germany,0,0.2630457240251455,Low,Offer billing support or flexible payment plan
SP-01062,42,75.11,10,5,0,4.9,0,30,Professional,Partner,Germany,0,0.26288316841340886,Low,Send re-engagement journey
SP-01752,54,113.15,7,2,1,5.0,3,12,Basic,Partner,Portugal,0,0.26283526310814936,Low,Offer billing support or flexible payment plan
SP-01037,55,126.78,8,3,2,3.9,0,12,Basic,Referral,Germany,0,0.26245129169628595,Low,Maintain regular engagement
SP-01116,30,75.02,6,4,0,4.4,2,9,Professional,Paid,Germany,0,0.26226531664243036,Low,Offer billing support or flexible payment plan
SP-02265,7,84.32,3,1,0,5.0,0,9,Professional,Partner,Portugal,0,0.26189995443621417,Low,Maintain regular engagement
SP-01804,16,70.58,7,5,0,4.2,1,10,Basic,Paid,Portugal,0,0.2618161616595609,Low,Maintain regular engagement
SP-00111,17,56.62,8,4,2,4.7,1,3,Basic,Organic,Portugal,0,0.2615493581096581,Low,Maintain regular engagement
SP-01918,30,78.75,9,4,1,4.1,0,19,Enterprise,Paid,United Kingdom,0,0.2614957906896079,Low,Maintain regular engagement
SP-01426,49,107.59,7,2,1,3.8,1,8,Basic,Organic,Portugal,0,0.2611568340549287,Low,Maintain regular engagement
SP-01375,54,61.02,5,4,1,3.5,0,15,Enterprise,Organic,Portugal,0,0.26047687587045565,Low,Maintain regular engagement
SP-01659,51,39.41,6,4,0,4.4,2,9,Basic,Referral,United Kingdom,0,0.26042198832180496,Low,Offer billing support or flexible payment plan
SP-00504,53,52.48,5,3,1,4.0,0,10,Professional,Organic,United Kingdom,0,0.2602783545225334,Low,Maintain regular engagement
SP-01759,35,100.81,7,3,0,3.8,0,13,Basic,Referral,Portugal,0,0.26027201562512486,Low,Maintain regular engagement
SP-00468,36,82.38,13,5,2,5.0,0,25,Professional,Referral,Portugal,0,0.2601562904338105,Low,Send re-engagement journey
SP-02375,42,51.97,11,2,1,4.0,1,7,Basic,Referral,Germany,0,0.26001800033273936,Low,Maintain regular engagement
SP-01801,4,81.25,9,4,1,3.7,0,3,Basic,Paid,Portugal,0,0.25979606971571534,Low,Maintain regular engagement
SP-00853,58,122.13,7,2,2,5.0,1,16,Basic,Referral,Germany,0,0.25973121991600634,Low,Maintain regular engagement
SP-01575,9,87.8,8,3,0,4.9,1,10,Basic,Referral,Germany,0,0.2596278087818011,Low,Maintain regular engagement
SP-00596,49,29.87,9,5,1,3.6,0,11,Professional,Partner,Germany,0,0.259106727366997,Low,Maintain regular engagement
SP-00254,20,45.92,9,5,0,4.5,2,8,Professional,Organic,Germany,0,0.2590451402360042,Low,Offer billing support or flexible payment plan
SP-01627,35,213.68,8,3,0,3.4,0,16,Basic,Organic,Germany,0,0.2587450902004587,Low,Maintain regular engagement
SP-01593,24,41.4,7,4,0,3.5,0,8,Professional,Paid,Portugal,0,0.2584056376562069,Low,Maintain regular engagement
SP-01654,36,108.31,11,3,1,4.2,2,10,Professional,Paid,United Kingdom,0,0.2583516272906429,Low,Offer billing support or flexible payment plan
SP-01670,44,112.02,10,3,1,4.6,4,3,Basic,Partner,United Kingdom,0,0.25786837902152876,Low,Offer billing support or flexible payment plan
SP-00062,45,94.6,7,3,2,3.2,0,7,Enterprise,Referral,Portugal,0,0.2578304991191863,Low,Maintain regular engagement
SP-00108,40,57.07,10,5,1,3.6,1,6,Basic,Organic,Germany,0,0.2577359201741614,Low,Maintain regular engagement
SP-02389,58,60.0,9,2,0,3.0,0,11,Professional,Organic,Germany,0,0.2573584491658587,Low,Maintain regular engagement
SP-00235,30,64.33,11,3,0,4.3,0,23,Enterprise,Referral,United Kingdom,0,0.25694817480087273,Low,Send re-engagement journey
SP-02435,28,67.75,12,3,3,5.0,1,8,Basic,Paid,United Kingdom,0,0.2568132791851542,Low,Escalate unresolved service issues
SP-01236,21,108.54,6,1,2,4.7,0,4,Professional,Organic,United Kingdom,0,0.2565329041085408,Low,Maintain regular engagement
SP-00053,22,171.92,8,3,1,4.5,0,15,Professional,Referral,United Kingdom,0,0.25640886672037333,Low,Maintain regular engagement
SP-01131,25,147.99,4,1,0,4.6,1,17,Enterprise,Paid,Germany,0,0.25633787903006355,Low,Maintain regular engagement
SP-00574,3,218.18,9,3,2,3.5,0,7,Enterprise,Paid,United Kingdom,0,0.25623464255851885,Low,Maintain regular engagement
SP-02014,56,136.12,9,4,2,3.5,1,6,Basic,Referral,United Kingdom,0,0.25609661557804175,Low,Maintain regular engagement
SP-02323,21,92.01,12,4,1,3.1,0,4,Professional,Organic,Germany,0,0.2560479354687112,Low,Maintain regular engagement
SP-00991,21,129.19,5,7,0,2.5,1,1,Enterprise,Referral,Germany,1,0.25603720072671443,Low,Maintain regular engagement
SP-02286,50,96.62,9,2,1,5.0,0,30,Enterprise,Partner,Germany,0,0.25601336579140266,Low,Send re-engagement journey
SP-02245,43,41.09,8,2,1,4.8,3,4,Basic,Paid,Germany,0,0.25552573857265976,Low,Offer billing support or flexible payment plan
SP-01826,55,43.16,6,4,0,3.4,1,5,Basic,Referral,United Kingdom,0,0.25543737481610485,Low,Maintain regular engagement
SP-02343,33,91.06,8,3,0,3.2,0,6,Professional,Partner,United Kingdom,0,0.2553993817835526,Low,Maintain regular engagement
SP-02216,24,85.72,13,3,2,4.6,0,14,Professional,Organic,Germany,0,0.25520642878886707,Low,Maintain regular engagement
SP-01194,43,101.7,8,4,1,4.5,0,18,Basic,Referral,Germany,0,0.25511817213636534,Low,Maintain regular engagement
SP-00220,55,76.56,6,2,3,4.3,0,4,Basic,Referral,Germany,0,0.25466638516307294,Low,Escalate unresolved service issues
SP-00090,50,56.96,7,4,1,3.5,0,10,Professional,Organic,Portugal,0,0.25462070032995976,Low,Maintain regular engagement
SP-02184,39,78.66,7,5,1,3.6,0,8,Professional,Organic,United Kingdom,0,0.2545645173171151,Low,Maintain regular engagement
SP-00609,59,76.36,9,5,1,4.5,1,21,Professional,Organic,Germany,0,0.2543655214079633,Low,Send re-engagement journey
SP-00503,58,87.69,8,4,3,4.8,2,8,Professional,Organic,Germany,0,0.2542069621581969,Low,Offer billing support or flexible payment plan
SP-00342,18,101.9,6,9,2,5.0,0,17,Professional,Referral,Portugal,0,0.2541954413830441,Low,Maintain regular engagement
SP-01588,5,69.18,5,6,1,3.8,1,3,Enterprise,Paid,Portugal,0,0.2541609484808415,Low,Maintain regular engagement
SP-02168,51,59.79,8,0,1,3.7,1,3,Basic,Organic,Portugal,0,0.25400037237233697,Low,Maintain regular engagement
SP-01930,58,100.52,8,6,2,3.5,1,8,Professional,Organic,Germany,0,0.2539585058049388,Low,Maintain regular engagement
SP-02063,9,83.67,10,3,1,4.3,0,7,Professional,Partner,Germany,0,0.2539179205341808,Low,Maintain regular engagement
SP-01922,33,44.43,9,3,2,4.2,0,4,Basic,Organic,United Kingdom,0,0.253670314800512,Low,Maintain regular engagement
SP-02314,4,115.61,8,4,2,4.8,0,7,Basic,Paid,United Kingdom,0,0.2534862692466728,Low,Maintain regular engagement
SP-00640,57,130.78,9,4,0,4.0,1,22,Basic,Referral,Portugal,0,0.25325009556596084,Low,Send re-engagement journey
SP-00187,10,69.69,9,4,1,5.0,1,11,Professional,Paid,Germany,0,0.2525957203499146,Low,Maintain regular engagement
SP-02227,53,71.02,6,4,1,4.1,2,5,Professional,Referral,Germany,0,0.25248916805574784,Low,Offer billing support or flexible payment plan
SP-01312,21,93.26,10,2,1,4.7,1,9,Professional,Referral,Germany,0,0.2524436239736074,Low,Maintain regular engagement
SP-00116,35,98.16,11,4,0,3.3,0,12,Basic,Referral,Germany,1,0.25236655750000675,Low,Maintain regular engagement
SP-01764,37,25.63,8,7,0,4.5,0,21,Professional,Referral,Germany,0,0.25229713459855685,Low,Send re-engagement journey
SP-01937,23,74.66,4,1,0,4.2,0,10,Enterprise,Organic,United Kingdom,0,0.2522721156230664,Low,Maintain regular engagement
SP-00897,31,69.48,6,2,2,4.3,0,4,Professional,Organic,Portugal,0,0.2516257526567803,Low,Maintain regular engagement
SP-02061,54,55.3,8,1,2,4.4,0,14,Professional,Paid,Portugal,0,0.25139753901526857,Low,Maintain regular engagement
SP-00539,33,134.51,10,4,0,3.6,0,18,Professional,Paid,United Kingdom,0,0.2511683023243885,Low,Maintain regular engagement
SP-01428,55,63.98,8,3,1,4.3,2,10,Professional,Paid,United Kingdom,0,0.2511663388779425,Low,Offer billing support or flexible payment plan
SP-00952,19,79.32,11,4,2,4.4,1,2,Basic,Referral,United Kingdom,0,0.2501534425000433,Low,Maintain regular engagement
SP-01898,53,99.34,12,4,0,3.5,0,20,Basic,Partner,United Kingdom,0,0.2501432030587115,Low,Maintain regular engagement
SP-00159,31,96.14,10,6,1,2.7,0,3,Basic,Referral,Portugal,0,0.24957311003186705,Low,Maintain regular engagement
SP-00496,25,108.54,8,1,1,4.1,0,10,Professional,Paid,Portugal,0,0.2492396290979998,Low,Maintain regular engagement
SP-02099,46,75.67,6,2,0,5.0,0,21,Basic,Partner,United Kingdom,0,0.24906649942244213,Low,Send re-engagement journey
SP-00332,23,170.27,10,0,0,3.4,1,2,Basic,Referral,United Kingdom,1,0.2490218457137196,Low,Maintain regular engagement
SP-02376,60,93.65,6,2,4,5.0,0,14,Enterprise,Referral,United Kingdom,0,0.2488907045840904,Low,Escalate unresolved service issues
SP-01546,36,87.28,7,3,1,3.7,0,7,Basic,Paid,Germany,0,0.24852271849181182,Low,Maintain regular engagement
SP-00959,59,63.49,16,6,2,3.2,0,17,Basic,Paid,United Kingdom,0,0.24784574460975548,Low,Maintain regular engagement
SP-00006,52,57.33,2,0,0,4.7,0,17,Professional,Paid,Portugal,0,0.24780789303200082,Low,Maintain regular engagement
SP-00741,50,124.14,14,3,2,4.1,2,16,Enterprise,Organic,United Kingdom,0,0.24744559120323045,Low,Offer billing support or flexible payment plan
SP-01508,29,159.3,10,2,4,3.8,0,3,Enterprise,Organic,Germany,0,0.24735326090118068,Low,Escalate unresolved service issues
SP-01563,15,106.72,11,1,0,4.0,1,7,Basic,Paid,Germany,0,0.24722218445926683,Low,Maintain regular engagement
SP-00197,21,71.88,9,2,1,3.6,0,1,Basic,Paid,United Kingdom,0,0.24685450378680468,Low,Maintain regular engagement
SP-00597,35,57.33,8,3,1,4.3,1,8,Professional,Organic,Portugal,0,0.2467118386896461,Low,Maintain regular engagement
SP-01324,54,46.84,10,4,4,4.7,0,15,Enterprise,Organic,Germany,0,0.2466168781533074,Low,Escalate unresolved service issues
SP-01072,13,26.06,16,2,2,4.1,0,3,Professional,Partner,United Kingdom,0,0.246449171661975,Low,Maintain regular engagement
SP-01750,44,94.42,3,3,0,2.9,0,10,Enterprise,Paid,Portugal,0,0.24581724670701813,Low,Maintain regular engagement
SP-01207,31,75.62,6,7,1,4.1,0,13,Professional,Organic,Portugal,0,0.24569558038176195,Low,Maintain regular engagement
SP-00096,18,73.75,9,7,0,4.1,0,14,Basic,Organic,United Kingdom,0,0.2454970167074411,Low,Maintain regular engagement
SP-00905,28,60.96,7,4,0,4.2,0,12,Professional,Referral,Germany,0,0.24539404925706096,Low,Maintain regular engagement
SP-01025,50,52.66,7,5,4,4.9,0,7,Professional,Partner,United Kingdom,0,0.24506465232840774,Low,Escalate unresolved service issues
SP-01760,35,131.72,16,3,4,3.3,0,3,Professional,Paid,Germany,0,0.24495437919510235,Low,Escalate unresolved service issues
SP-01893,53,89.98,11,4,0,2.7,1,15,Enterprise,Organic,Portugal,0,0.24474708368355688,Low,Maintain regular engagement
SP-01247,52,49.58,9,6,1,4.7,0,25,Basic,Paid,Germany,0,0.24442163009539658,Low,Send re-engagement journey
SP-01938,34,33.31,11,5,0,3.4,0,12,Basic,Paid,Germany,0,0.24401626540862825,Low,Maintain regular engagement
SP-01954,28,56.17,10,3,2,4.2,0,4,Professional,Referral,United Kingdom,0,0.24397057460159002,Low,Maintain regular engagement
SP-00457,9,100.64,12,4,0,3.4,0,7,Professional,Partner,Germany,0,0.24389923161389063,Low,Maintain regular engagement
SP-01048,37,112.61,8,5,3,4.5,0,9,Professional,Organic,United Kingdom,0,0.24356417914474965,Low,Escalate unresolved service issues
SP-01047,15,104.51,11,2,0,4.7,1,12,Basic,Referral,Germany,0,0.24337676765040842,Low,Maintain regular engagement
SP-01753,38,130.21,9,1,0,3.2,0,7,Basic,Organic,United Kingdom,1,0.24283103955275911,Low,Maintain regular engagement
SP-02304,53,55.03,11,5,2,4.0,0,16,Professional,Organic,Portugal,0,0.24225775300886898,Low,Maintain regular engagement
SP-01513,45,134.39,8,5,1,4.5,2,12,Basic,Organic,United Kingdom,0,0.24207323119187746,Low,Offer billing support or flexible payment plan
SP-01331,27,96.36,8,2,0,4.0,1,12,Enterprise,Organic,Germany,0,0.24178770260792679,Low,Maintain regular engagement
SP-00027,25,82.86,11,4,2,5.0,2,8,Professional,Partner,Portugal,0,0.24159668788556748,Low,Offer billing support or flexible payment plan
SP-02410,2,115.27,9,4,2,4.8,0,7,Basic,Organic,Portugal,0,0.24149937944214792,Low,Maintain regular engagement
SP-00136,19,106.5,9,3,1,4.8,1,10,Professional,Organic,Germany,0,0.24089036153585425,Low,Maintain regular engagement
SP-01542,15,62.26,8,2,0,4.4,0,8,Basic,Organic,Germany,0,0.24063157477390734,Low,Maintain regular engagement
SP-00694,57,147.46,8,5,0,3.3,0,19,Basic,Organic,Germany,0,0.2404667437591435,Low,Maintain regular engagement
SP-01944,2,119.13,14,2,0,3.6,1,3,Professional,Partner,Germany,0,0.2401424364220936,Low,Maintain regular engagement
SP-01315,55,148.54,11,4,1,3.6,1,14,Basic,Partner,Germany,0,0.23995382828648262,Low,Maintain regular engagement
SP-01674,46,74.39,4,2,0,4.0,0,11,Basic,Organic,Portugal,0,0.23988145210238948,Low,Maintain regular engagement
SP-01199,49,117.21,8,4,0,3.4,2,11,Enterprise,Partner,United Kingdom,0,0.23967093708304268,Low,Offer billing support or flexible payment plan
SP-00651,30,84.99,7,5,0,3.9,0,11,Basic,Organic,United Kingdom,0,0.23926730225711088,Low,Maintain regular engagement
SP-00985,36,106.57,8,3,1,3.8,1,11,Enterprise,Paid,United Kingdom,0,0.2385112352437668,Low,Maintain regular engagement
SP-00714,46,81.53,7,6,2,4.1,2,3,Basic,Paid,Germany,0,0.23846147357943764,Low,Offer billing support or flexible payment plan
SP-00599,38,131.74,11,1,1,4.2,1,13,Professional,Paid,Germany,0,0.23828491145989725,Low,Maintain regular engagement
SP-02481,40,64.27,5,2,0,4.2,0,10,Basic,Organic,Germany,0,0.2380522283787785,Low,Maintain regular engagement
SP-00580,7,104.03,11,4,1,4.4,0,8,Basic,Referral,United Kingdom,0,0.23802844605626844,Low,Maintain regular engagement
SP-01672,35,55.68,18,4,3,5.0,2,13,Professional,Paid,United Kingdom,0,0.23799805761154436,Low,Offer billing support or flexible payment plan
SP-01703,41,175.25,8,5,0,3.9,2,15,Professional,Organic,Portugal,0,0.23797552351256895,Low,Offer billing support or flexible payment plan
SP-00406,31,44.42,8,7,1,3.8,1,2,Basic,Partner,United Kingdom,0,0.2376556053708374,Low,Maintain regular engagement
SP-00923,27,74.01,9,2,0,3.7,0,10,Basic,Paid,Portugal,0,0.23758202180556157,Low,Maintain regular engagement
SP-00350,10,23.99,10,7,2,3.9,0,7,Enterprise,Paid,Germany,0,0.23719687226155117,Low,Maintain regular engagement
SP-00036,4,34.88,14,5,2,4.3,0,3,Basic,Partner,Germany,0,0.23710803359312776,Low,Maintain regular engagement
SP-01643,27,53.65,9,5,0,5.0,2,12,Basic,Referral,Germany,0,0.23705174683072153,Low,Offer billing support or flexible payment plan
SP-01244,30,47.5,8,3,1,3.9,0,11,Enterprise,Paid,United Kingdom,0,0.2369707338443383,Low,Maintain regular engagement
SP-00180,31,48.8,6,4,0,3.7,0,5,Professional,Referral,United Kingdom,0,0.2368992992999006,Low,Maintain regular engagement
SP-01404,20,90.83,12,2,1,4.6,2,4,Basic,Organic,Germany,0,0.23643485452926147,Low,Offer billing support or flexible payment plan
SP-00524,50,102.91,7,4,0,3.1,0,10,Professional,Organic,United Kingdom,0,0.23613033706322786,Low,Maintain regular engagement
SP-01483,18,108.37,7,6,2,4.9,1,12,Enterprise,Referral,Germany,0,0.23612779552434698,Low,Maintain regular engagement
SP-02165,58,87.29,8,3,1,3.6,0,13,Professional,Referral,Portugal,0,0.23591579405900887,Low,Maintain regular engagement
SP-01073,46,139.39,8,5,2,3.0,0,2,Basic,Referral,Germany,0,0.23548635863651415,Low,Maintain regular engagement
SP-01262,56,93.71,9,4,2,3.4,1,10,Enterprise,Paid,United Kingdom,0,0.234740108057427,Low,Maintain regular engagement
SP-00851,59,178.61,13,5,2,2.6,2,4,Professional,Referral,Portugal,0,0.23459940702914273,Low,Offer billing support or flexible payment plan
SP-02347,20,140.51,13,3,1,3.5,0,12,Professional,Paid,Portugal,0,0.23412523668104016,Low,Maintain regular engagement
SP-01007,52,82.4,5,2,3,4.7,0,7,Basic,Paid,Germany,0,0.23407501270943837,Low,Escalate unresolved service issues
SP-01437,26,131.63,14,2,1,3.3,1,9,Enterprise,Organic,Germany,1,0.23394833000442705,Low,Maintain regular engagement
SP-01306,41,82.4,8,2,0,2.9,0,2,Professional,Referral,United Kingdom,0,0.23384506411240008,Low,Maintain regular engagement
SP-00336,49,94.47,15,4,1,2.7,0,9,Basic,Referral,Germany,0,0.23352006767651867,Low,Maintain regular engagement
SP-01358,9,110.93,10,1,1,5.0,0,11,Professional,Referral,Germany,0,0.23346974791736294,Low,Maintain regular engagement
SP-01691,47,69.04,9,1,2,4.1,0,4,Basic,Referral,United Kingdom,0,0.2334396668450954,Low,Maintain regular engagement
SP-02452,54,73.4,10,3,0,4.6,1,22,Professional,Organic,Germany,0,0.23331752089521426,Low,Send re-engagement journey
SP-01741,26,94.81,5,4,0,3.8,1,8,Enterprise,Organic,Germany,1,0.23308353801964363,Low,Maintain regular engagement
SP-00608,31,54.42,9,4,1,4.9,0,15,Basic,Organic,United Kingdom,0,0.2330547899112328,Low,Maintain regular engagement
SP-00405,30,82.16,6,6,2,4.2,1,3,Professional,Paid,Germany,0,0.2330470319358143,Low,Maintain regular engagement
SP-01565,34,153.93,8,4,0,3.6,1,9,Basic,Organic,Germany,0,0.2328699760230339,Low,Maintain regular engagement
SP-02011,30,114.23,8,1,1,4.3,1,3,Basic,Referral,Germany,0,0.2328085774412684,Low,Maintain regular engagement
SP-01817,15,115.03,14,5,1,3.7,0,11,Basic,Referral,Portugal,0,0.23278050549038437,Low,Maintain regular engagement
SP-01829,37,61.62,15,3,0,5.0,2,23,Professional,Organic,Portugal,0,0.23276355784785177,Low,Offer billing support or flexible payment plan
SP-00351,32,22.86,11,4,1,3.9,0,15,Enterprise,Organic,Portugal,0,0.2327579990258529,Low,Maintain regular engagement
SP-00698,36,47.32,8,8,0,4.4,1,17,Professional,Organic,Germany,0,0.23224875938982595,Low,Maintain regular engagement
SP-01077,43,103.25,5,2,1,4.3,0,9,Basic,Organic,Germany,0,0.2318012076265954,Low,Maintain regular engagement
SP-00368,19,182.16,6,4,0,4.0,1,9,Basic,Organic,Portugal,0,0.23174065285494352,Low,Maintain regular engagement
SP-00064,59,110.58,8,4,0,4.0,0,25,Professional,Paid,Germany,0,0.23156439646814966,Low,Send re-engagement journey
SP-02460,4,141.76,8,6,1,3.9,0,3,Basic,Referral,United Kingdom,0,0.23142986384101522,Low,Maintain regular engagement
SP-02113,55,67.33,3,4,2,4.1,1,3,Basic,Paid,Portugal,0,0.23097626683136874,Low,Maintain regular engagement
SP-01311,32,119.43,3,4,0,3.7,0,6,Professional,Referral,Germany,0,0.2307924156548379,Low,Maintain regular engagement
SP-02108,9,47.48,9,1,0,5.0,0,12,Basic,Paid,Germany,0,0.23045041194338964,Low,Maintain regular engagement
SP-00648,33,65.41,5,4,0,5.0,0,17,Basic,Partner,Germany,1,0.23033125295549378,Low,Maintain regular engagement
SP-00711,41,136.68,4,6,1,4.4,1,10,Basic,Organic,United Kingdom,0,0.23017949329526824,Low,Maintain regular engagement
SP-00636,42,145.64,8,3,3,5.0,1,10,Basic,Paid,United Kingdom,0,0.22994885203001794,Low,Escalate unresolved service issues
SP-00680,57,91.28,2,5,3,4.7,1,7,Professional,Paid,Portugal,0,0.22914198995695675,Low,Escalate unresolved service issues
SP-01535,49,99.52,10,4,0,4.3,2,15,Professional,Referral,Germany,0,0.22905866755561316,Low,Offer billing support or flexible payment plan
SP-02456,29,73.73,5,2,0,4.4,1,5,Professional,Organic,Germany,0,0.22882469004471392,Low,Maintain regular engagement
SP-01923,50,60.72,9,1,2,4.7,0,12,Professional,Organic,Germany,0,0.22812686186950584,Low,Maintain regular engagement
SP-00112,47,41.28,10,6,1,3.6,1,8,Basic,Paid,Germany,0,0.22739183600933124,Low,Maintain regular engagement
SP-00320,47,111.2,11,1,0,4.0,0,19,Professional,Organic,Germany,0,0.22704023921543118,Low,Maintain regular engagement
SP-00573,17,72.86,7,3,2,5.0,0,13,Enterprise,Paid,Germany,0,0.22701130431967545,Low,Maintain regular engagement
SP-02277,13,115.37,9,6,0,4.7,2,9,Basic,Referral,Germany,0,0.22680837404303836,Low,Offer billing support or flexible payment plan
SP-01525,37,103.11,7,5,0,3.3,2,7,Enterprise,Paid,United Kingdom,0,0.22679837455177795,Low,Offer billing support or flexible payment plan
SP-00537,28,101.64,7,3,1,4.0,0,6,Basic,Paid,United Kingdom,0,0.22677098250307373,Low,Maintain regular engagement
SP-01852,16,58.52,10,6,1,5.0,0,15,Basic,Partner,Germany,1,0.226621180749895,Low,Maintain regular engagement
SP-01767,31,73.83,9,2,1,4.0,0,8,Professional,Paid,Germany,0,0.2264722480231538,Low,Maintain regular engagement
SP-00345,55,80.1,17,5,1,4.0,1,22,Professional,Referral,Germany,0,0.22645029450022577,Low,Send re-engagement journey
SP-02133,32,167.2,9,3,1,4.8,0,22,Professional,Paid,United Kingdom,0,0.2262333265279767,Low,Send re-engagement journey
SP-00582,51,75.35,7,3,1,3.9,0,11,Basic,Paid,Germany,0,0.225892449613643,Low,Maintain regular engagement
SP-01079,26,95.89,10,9,1,4.0,0,17,Professional,Partner,Portugal,0,0.22579606860898044,Low,Maintain regular engagement
SP-01384,54,63.52,5,5,2,4.5,1,12,Enterprise,Organic,United Kingdom,0,0.22513518285504658,Low,Maintain regular engagement
SP-01698,9,154.91,8,2,2,5.0,0,8,Basic,Paid,United Kingdom,0,0.22488342600892364,Low,Maintain regular engagement
SP-00870,3,73.62,9,4,0,4.4,1,5,Professional,Referral,Portugal,0,0.2248315143988719,Low,Maintain regular engagement
SP-00236,44,67.23,5,8,1,4.6,1,13,Professional,Referral,Germany,0,0.2247528529273095,Low,Maintain regular engagement
SP-00781,53,225.71,9,3,1,2.7,0,11,Basic,Organic,Portugal,0,0.22473386701239195,Low,Maintain regular engagement
SP-00867,50,100.65,6,5,4,4.9,1,2,Basic,Referral,Germany,0,0.22436130412456057,Low,Escalate unresolved service issues
SP-00906,43,85.07,12,4,0,3.8,1,13,Basic,Referral,Germany,0,0.22411965835359848,Low,Maintain regular engagement
SP-02354,28,85.51,13,2,0,4.3,0,18,Professional,Organic,Germany,0,0.22381522185855848,Low,Maintain regular engagement
SP-01337,39,95.63,6,4,1,3.3,0,9,Enterprise,Organic,Portugal,0,0.22364428389311053,Low,Maintain regular engagement
SP-00514,49,103.52,12,3,1,3.6,0,14,Basic,Referral,Portugal,0,0.22344938422072713,Low,Maintain regular engagement
SP-02209,15,81.53,8,5,1,3.9,0,4,Basic,Paid,Germany,0,0.22325713398003555,Low,Maintain regular engagement
SP-01967,23,68.05,4,1,0,5.0,2,1,Basic,Referral,Portugal,0,0.22213925936463969,Low,Offer billing support or flexible payment plan
SP-02445,36,185.41,6,2,1,4.3,0,13,Basic,Referral,Portugal,0,0.22212903621850746,Low,Maintain regular engagement
SP-01693,40,90.0,7,3,0,3.9,1,7,Professional,Organic,United Kingdom,0,0.22178025564466405,Low,Maintain regular engagement
SP-01631,35,64.97,10,2,2,4.2,1,2,Professional,Organic,Portugal,0,0.22138133856743408,Low,Maintain regular engagement
SP-00148,15,103.79,12,2,0,3.8,0,9,Professional,Organic,Germany,0,0.22129746222544402,Low,Maintain regular engagement
SP-01744,2,158.79,8,4,1,4.5,1,3,Professional,Organic,United Kingdom,0,0.22117470557679558,Low,Maintain regular engagement
SP-00768,29,114.65,12,7,1,3.7,1,8,Basic,Partner,United Kingdom,0,0.22087082298152605,Low,Maintain regular engagement
SP-00044,22,51.14,8,3,0,5.0,1,13,Professional,Organic,Portugal,0,0.22064748994483482,Low,Maintain regular engagement
SP-02383,56,77.53,6,3,0,4.3,2,10,Basic,Paid,United Kingdom,0,0.22060615423893024,Low,Offer billing support or flexible payment plan
SP-01609,15,134.08,7,5,1,3.4,1,3,Enterprise,Paid,Germany,0,0.2204323138151824,Low,Maintain regular engagement
SP-02067,44,63.9,11,4,0,3.3,2,2,Basic,Organic,Germany,0,0.2197088392754602,Low,Offer billing support or flexible payment plan
SP-01625,34,76.22,7,3,1,3.8,0,2,Basic,Organic,United Kingdom,0,0.21936703867414478,Low,Maintain regular engagement
SP-00042,46,94.12,12,7,0,3.2,1,15,Professional,Paid,United Kingdom,0,0.21868659800882298,Low,Maintain regular engagement
SP-02495,26,27.09,6,4,0,4.5,0,17,Enterprise,Paid,Germany,0,0.2185820922328102,Low,Maintain regular engagement
SP-02487,15,87.2,11,4,0,3.9,0,9,Professional,Partner,United Kingdom,0,0.21855862712084834,Low,Maintain regular engagement
SP-00056,3,66.58,9,7,0,4.0,0,11,Professional,Paid,Portugal,0,0.218386274348972,Low,Maintain regular engagement
SP-02015,39,108.14,6,6,1,4.7,1,12,Basic,Organic,United Kingdom,0,0.21814633434852024,Low,Maintain regular engagement
SP-01695,10,104.09,4,5,0,3.9,0,3,Basic,Organic,Portugal,0,0.21809558876764615,Low,Maintain regular engagement
SP-02026,29,62.68,7,6,0,3.8,0,12,Basic,Paid,Portugal,0,0.21764275641851666,Low,Maintain regular engagement
SP-00548,36,145.16,6,4,1,2.9,0,4,Enterprise,Partner,United Kingdom,0,0.21689607402957622,Low,Maintain regular engagement
SP-01816,7,150.66,8,7,2,4.1,1,3,Professional,Paid,Portugal,0,0.21664421572856365,Low,Maintain regular engagement
SP-00356,60,50.35,7,4,1,3.5,0,13,Enterprise,Referral,Germany,0,0.2165587394751782,Low,Maintain regular engagement
SP-00947,59,89.37,5,6,0,3.2,1,10,Basic,Paid,Portugal,0,0.21635249982286667,Low,Maintain regular engagement
SP-01953,5,130.04,9,9,1,3.4,1,5,Enterprise,Organic,Germany,0,0.21609376261583102,Low,Maintain regular engagement
SP-01855,7,33.85,9,5,2,5.0,1,1,Professional,Partner,Portugal,0,0.21593542254206347,Low,Maintain regular engagement
SP-00600,39,61.42,5,6,1,4.4,1,14,Enterprise,Paid,Germany,0,0.21569911030315925,Low,Maintain regular engagement
SP-00849,50,175.09,14,3,2,2.8,1,7,Professional,Paid,Portugal,0,0.21485210737261493,Low,Maintain regular engagement
SP-00466,58,56.28,11,4,1,4.1,0,20,Professional,Paid,Germany,0,0.21419248822212755,Low,Maintain regular engagement
SP-01417,39,87.91,13,6,0,2.5,0,7,Basic,Organic,United Kingdom,0,0.2140265445261639,Low,Maintain regular engagement
SP-00322,7,128.47,10,4,1,4.1,0,7,Professional,Paid,United Kingdom,0,0.21397770579494588,Low,Maintain regular engagement
SP-00037,52,86.76,10,4,1,3.7,1,7,Basic,Referral,Germany,0,0.21385408309828655,Low,Maintain regular engagement
SP-00639,48,115.38,8,3,0,4.4,1,17,Basic,Paid,United Kingdom,0,0.21368797494758912,Low,Maintain regular engagement
SP-00020,28,124.76,5,2,1,5.0,1,13,Enterprise,Organic,Germany,0,0.21340088366666055,Low,Maintain regular engagement
SP-00470,56,92.84,10,2,1,5.0,1,20,Professional,Organic,Germany,0,0.21302267286115376,Low,Maintain regular engagement
SP-01427,41,93.63,6,6,1,4.2,0,11,Basic,Organic,United Kingdom,0,0.2127837536556712,Low,Maintain regular engagement
SP-00691,60,59.35,16,2,2,4.0,0,16,Professional,Organic,United Kingdom,0,0.21228716987523572,Low,Maintain regular engagement
SP-01571,5,66.59,10,2,2,5.0,0,4,Professional,Paid,United Kingdom,0,0.21224610356595464,Low,Maintain regular engagement
SP-02076,25,91.47,9,4,1,4.3,0,16,Enterprise,Referral,Portugal,0,0.2121321384984618,Low,Maintain regular engagement
SP-01018,30,46.92,9,1,0,5.0,0,15,Basic,Organic,Germany,0,0.21208786153646778,Low,Maintain regular engagement
SP-01775,47,80.96,9,1,1,3.6,0,6,Basic,Paid,Germany,0,0.2120600859336361,Low,Maintain regular engagement
SP-02104,8,101.26,7,3,2,4.8,0,2,Basic,Organic,Portugal,0,0.2118318977487544,Low,Maintain regular engagement
SP-00422,42,68.57,5,2,0,4.0,1,5,Professional,Organic,Portugal,0,0.21181781776269376,Low,Maintain regular engagement
SP-01127,52,88.27,10,5,1,2.8,1,8,Enterprise,Paid,United Kingdom,0,0.21119607275070676,Low,Maintain regular engagement
SP-01986,48,158.91,3,3,2,3.6,0,8,Enterprise,Paid,Germany,0,0.2105833269167145,Low,Maintain regular engagement
SP-01322,17,119.99,7,6,0,3.9,1,4,Professional,Referral,United Kingdom,0,0.2103183376496833,Low,Maintain regular engagement
SP-00593,15,95.03,9,1,0,4.4,0,10,Professional,Organic,Portugal,0,0.2103117134465426,Low,Maintain regular engagement
SP-01229,10,96.35,8,4,0,4.7,3,1,Professional,Paid,Germany,0,0.210256781373807,Low,Offer billing support or flexible payment plan
SP-01707,60,141.34,6,5,1,3.3,0,9,Basic,Partner,United Kingdom,0,0.21008104194980254,Low,Maintain regular engagement
SP-00827,41,153.98,7,3,2,4.3,0,13,Professional,Paid,Portugal,0,0.21002121160955964,Low,Maintain regular engagement
SP-01502,16,73.13,9,3,1,4.7,0,13,Enterprise,Referral,Germany,0,0.2097654841495225,Low,Maintain regular engagement
SP-00587,42,35.71,8,4,0,4.4,0,14,Basic,Referral,Germany,0,0.2096006086886249,Low,Maintain regular engagement
SP-02428,24,118.33,7,3,0,4.4,0,16,Professional,Paid,Portugal,0,0.20954740073375275,Low,Maintain regular engagement
SP-00650,51,89.07,12,3,2,3.6,1,2,Basic,Organic,United Kingdom,0,0.20904264711637838,Low,Maintain regular engagement
SP-01419,52,55.79,13,4,0,2.6,0,8,Professional,Referral,Germany,0,0.20885400385677932,Low,Maintain regular engagement
SP-02153,52,77.51,6,4,2,4.2,2,5,Enterprise,Referral,Portugal,0,0.2086235767434273,Low,Offer billing support or flexible payment plan
SP-00014,46,108.85,7,5,3,4.9,0,19,Enterprise,Organic,Portugal,0,0.2085223400071728,Low,Escalate unresolved service issues
SP-02213,37,63.11,8,6,1,4.1,0,18,Enterprise,Paid,Germany,0,0.2078548743222776,Low,Maintain regular engagement
SP-00894,59,73.43,11,2,1,3.1,1,4,Professional,Organic,Portugal,1,0.20755291818331661,Low,Maintain regular engagement
SP-02220,12,99.83,3,7,1,5.0,1,3,Basic,Organic,United Kingdom,0,0.20722672251842172,Low,Maintain regular engagement
SP-02436,34,90.25,8,7,0,4.3,0,18,Professional,Partner,United Kingdom,0,0.20716904436690683,Low,Maintain regular engagement
SP-01675,44,89.55,8,2,0,3.7,0,9,Basic,Organic,Germany,0,0.2067733715572768,Low,Maintain regular engagement
SP-00358,54,113.88,9,1,0,3.1,0,7,Basic,Referral,Germany,0,0.20675155446524854,Low,Maintain regular engagement
SP-00592,55,69.98,11,1,1,3.8,0,11,Basic,Paid,United Kingdom,0,0.2067424953089846,Low,Maintain regular engagement
SP-00179,55,84.14,6,4,2,3.8,0,6,Professional,Paid,United Kingdom,0,0.20634022290600734,Low,Maintain regular engagement
SP-02190,36,143.68,4,0,0,4.5,0,11,Professional,Organic,Germany,0,0.20587881127822039,Low,Maintain regular engagement
SP-02318,27,89.91,9,1,0,5.0,1,15,Basic,Paid,Portugal,0,0.2054713139744342,Low,Maintain regular engagement
SP-01666,24,95.38,10,3,1,4.1,0,7,Professional,Organic,Germany,0,0.20546829522235174,Low,Maintain regular engagement
SP-01531,6,63.44,11,6,1,3.9,0,4,Professional,Paid,United Kingdom,0,0.20541903141951473,Low,Maintain regular engagement
SP-00924,9,91.89,15,4,1,3.5,0,5,Professional,Paid,United Kingdom,0,0.20540305070596993,Low,Maintain regular engagement
SP-01578,48,69.92,11,1,1,3.7,0,7,Professional,Organic,United Kingdom,0,0.20536981133906168,Low,Maintain regular engagement
SP-01867,7,45.57,6,2,1,4.7,0,3,Enterprise,Partner,United Kingdom,0,0.20501645534593224,Low,Maintain regular engagement
SP-01198,59,150.02,6,2,0,3.0,1,6,Professional,Organic,Portugal,0,0.20482132497024616,Low,Maintain regular engagement
SP-00081,57,118.26,11,4,2,3.6,0,9,Basic,Referral,United Kingdom,0,0.20474293840128882,Low,Maintain regular engagement
SP-01591,45,113.42,8,3,0,3.1,1,5,Basic,Paid,Portugal,0,0.20431073602916194,Low,Maintain regular engagement
SP-00193,37,132.88,6,6,1,3.9,1,5,Professional,Referral,Germany,0,0.20367989671319972,Low,Maintain regular engagement
SP-01291,15,168.6,9,6,1,3.5,0,3,Basic,Referral,United Kingdom,0,0.20341891891111535,Low,Maintain regular engagement
SP-00355,59,132.7,6,2,0,3.1,0,7,Basic,Referral,Germany,0,0.20316972466904495,Low,Maintain regular engagement
SP-00488,32,54.89,10,3,1,3.8,0,4,Professional,Organic,Germany,0,0.2031490393141673,Low,Maintain regular engagement
SP-02291,24,80.95,12,5,1,4.9,1,14,Professional,Organic,Germany,0,0.20272127519012398,Low,Maintain regular engagement
SP-00770,23,88.71,10,1,0,3.5,0,2,Professional,Partner,Germany,0,0.20261813697218903,Low,Maintain regular engagement
SP-02379,60,137.57,9,7,3,4.3,1,13,Professional,Referral,Portugal,0,0.20254569134571748,Low,Escalate unresolved service issues
SP-00918,48,148.12,14,2,1,3.2,0,11,Basic,Organic,Germany,0,0.20240105440324915,Low,Maintain regular engagement
SP-01083,58,109.16,6,1,0,4.2,0,14,Basic,Partner,United Kingdom,0,0.20229664317331647,Low,Maintain regular engagement
SP-01325,52,87.89,9,2,2,4.0,0,5,Basic,Referral,Germany,0,0.20224782569463176,Low,Maintain regular engagement
SP-01135,37,33.05,12,2,1,4.3,0,9,Basic,Organic,Germany,0,0.20219318570239686,Low,Maintain regular engagement
SP-00123,40,80.64,10,3,2,4.8,0,12,Professional,Referral,Germany,0,0.2019434362716701,Low,Maintain regular engagement
SP-00665,36,116.36,12,3,0,5.0,1,21,Basic,Referral,Germany,0,0.20171729195628685,Low,Send re-engagement journey
SP-00109,29,122.56,10,2,0,4.4,0,15,Basic,Organic,Germany,0,0.2016971844828171,Low,Maintain regular engagement
SP-01612,9,90.82,12,7,0,3.8,1,5,Basic,Referral,Germany,0,0.20159342322157486,Low,Maintain regular engagement
SP-00882,52,60.37,8,3,2,4.8,0,11,Basic,Referral,Germany,0,0.20147728922313757,Low,Maintain regular engagement
SP-02346,16,68.3,10,7,0,3.6,0,7,Professional,Organic,United Kingdom,0,0.2013266510957665,Low,Maintain regular engagement
SP-02451,51,92.64,12,1,0,2.9,1,5,Professional,Paid,Germany,0,0.19967456725545346,Low,Maintain regular engagement
SP-01950,20,95.95,14,5,1,3.4,0,7,Professional,Partner,Portugal,0,0.19932983952495315,Low,Maintain regular engagement
SP-01219,49,64.11,5,4,2,4.9,0,12,Professional,Organic,Portugal,0,0.19931055702603526,Low,Maintain regular engagement
SP-00715,56,55.93,9,2,1,3.9,1,4,Basic,Organic,Germany,0,0.1990693255703326,Low,Maintain regular engagement
SP-00762,34,76.6,11,4,1,3.9,1,5,Basic,Organic,Portugal,0,0.1987982433725807,Low,Maintain regular engagement
SP-02029,32,76.75,7,3,1,4.8,2,3,Professional,Partner,Portugal,0,0.19853014743689057,Low,Offer billing support or flexible payment plan
SP-00372,40,50.12,10,4,0,3.2,1,7,Enterprise,Organic,Germany,0,0.19813505803229414,Low,Maintain regular engagement
SP-01899,45,68.52,8,4,2,4.5,0,11,Professional,Paid,Germany,0,0.19808116111642632,Low,Maintain regular engagement
SP-00253,12,47.16,8,7,1,4.7,0,6,Basic,Referral,United Kingdom,0,0.1980035654042953,Low,Maintain regular engagement
SP-02446,54,59.62,7,0,2,3.8,0,0,Professional,Organic,Portugal,0,0.1979760077505605,Low,Maintain regular engagement
SP-01151,23,105.76,9,2,1,4.2,0,3,Basic,Partner,United Kingdom,0,0.197530070191193,Low,Maintain regular engagement
SP-01088,60,83.77,6,2,2,4.6,1,6,Basic,Referral,Portugal,0,0.1974299721370223,Low,Maintain regular engagement
SP-01307,16,155.72,6,3,0,3.7,0,2,Basic,Partner,Germany,0,0.19734870401811128,Low,Maintain regular engagement
SP-00419,18,49.63,3,3,0,4.0,0,2,Enterprise,Referral,Germany,0,0.19702060074982564,Low,Maintain regular engagement
SP-02370,11,81.01,10,1,1,4.5,0,7,Enterprise,Referral,United Kingdom,0,0.19690225220967936,Low,Maintain regular engagement
SP-00284,30,150.25,6,4,0,4.0,0,17,Enterprise,Organic,Germany,0,0.19687896791535342,Low,Maintain regular engagement
SP-02260,60,126.96,6,5,1,3.4,1,8,Basic,Paid,Portugal,0,0.19658481729786942,Low,Maintain regular engagement
SP-02306,6,60.6,8,6,0,4.5,0,7,Basic,Organic,United Kingdom,0,0.19653043422945696,Low,Maintain regular engagement
SP-01381,59,64.94,6,5,3,4.8,0,11,Professional,Referral,Portugal,0,0.19639867945934403,Low,Escalate unresolved service issues
SP-00535,35,112.32,5,3,1,5.0,1,8,Professional,Referral,Germany,0,0.1960728531389426,Low,Maintain regular engagement
SP-00510,15,83.23,13,0,0,4.4,0,15,Enterprise,Partner,Germany,0,0.19533737303528706,Low,Maintain regular engagement
SP-01245,53,60.22,6,0,0,4.0,0,9,Professional,Partner,Portugal,0,0.19496827064083172,Low,Maintain regular engagement
SP-01994,39,39.38,7,2,1,4.2,0,5,Professional,Organic,Portugal,0,0.194882789674026,Low,Maintain regular engagement
SP-01517,29,81.85,6,6,0,4.2,1,7,Professional,Organic,Germany,0,0.19480969828047462,Low,Maintain regular engagement
SP-00988,19,46.66,6,1,0,5.0,1,5,Professional,Paid,Germany,0,0.19447080883322868,Low,Maintain regular engagement
SP-00302,50,123.1,5,3,1,4.7,0,16,Basic,Paid,Germany,0,0.19350142584245758,Low,Maintain regular engagement
SP-02142,53,74.6,13,5,2,3.7,0,9,Basic,Partner,United Kingdom,0,0.19309116815873467,Low,Maintain regular engagement
SP-01837,57,58.11,5,5,0,4.1,0,16,Professional,Paid,United Kingdom,0,0.19121360573468388,Low,Maintain regular engagement
SP-01356,30,99.55,6,3,0,3.9,0,7,Professional,Paid,United Kingdom,0,0.19089154967059552,Low,Maintain regular engagement
SP-00432,45,83.39,4,1,1,4.2,0,5,Basic,Paid,Portugal,0,0.19077769832570046,Low,Maintain regular engagement
SP-00099,39,110.31,13,3,0,2.8,1,8,Enterprise,Organic,Germany,0,0.18995533013854674,Low,Maintain regular engagement
SP-00060,41,114.31,10,2,2,4.5,1,4,Professional,Referral,United Kingdom,1,0.18932921924757912,Low,Maintain regular engagement
SP-01595,43,53.05,10,3,0,3.7,0,8,Basic,Referral,Germany,0,0.1890860761592056,Low,Maintain regular engagement
SP-00318,44,110.73,10,2,0,3.7,1,6,Basic,Organic,United Kingdom,0,0.18874301796079312,Low,Maintain regular engagement
SP-02418,16,119.45,8,5,0,3.7,0,4,Basic,Partner,Germany,0,0.1884646334333279,Low,Maintain regular engagement
SP-02444,13,185.65,10,6,0,3.9,0,13,Basic,Organic,Germany,0,0.18845831664684556,Low,Maintain regular engagement
SP-00557,45,57.3,7,3,2,3.9,0,5,Enterprise,Organic,Germany,0,0.1883445844585396,Low,Maintain regular engagement
SP-00016,48,162.82,6,5,1,4.5,1,14,Basic,Paid,United Kingdom,0,0.1879887345570168,Low,Maintain regular engagement
SP-00588,6,40.83,11,1,2,4.8,0,3,Enterprise,Organic,Germany,0,0.18789435757812303,Low,Maintain regular engagement
SP-01715,39,119.05,8,5,0,3.3,1,9,Enterprise,Organic,United Kingdom,0,0.18742571575324352,Low,Maintain regular engagement
SP-00198,8,76.04,8,2,0,5.0,0,9,Professional,Organic,Germany,0,0.187291717653047,Low,Maintain regular engagement
SP-01260,49,146.14,11,1,1,4.0,0,12,Basic,Organic,United Kingdom,0,0.1872308647758054,Low,Maintain regular engagement
SP-02273,18,145.26,10,2,0,3.6,0,3,Basic,Partner,United Kingdom,0,0.18694212045061764,Low,Maintain regular engagement
SP-01803,28,119.05,10,10,2,3.9,1,6,Basic,Paid,United Kingdom,0,0.18653188744942797,Low,Maintain regular engagement
SP-02493,56,164.43,3,2,1,5.0,3,4,Professional,Referral,Germany,0,0.18630690549139417,Low,Offer billing support or flexible payment plan
SP-00693,56,128.2,13,2,2,2.8,0,7,Enterprise,Referral,Germany,0,0.18581983501459282,Low,Maintain regular engagement
SP-01277,40,99.62,10,3,2,4.2,0,9,Basic,Paid,Portugal,0,0.18571685426692716,Low,Maintain regular engagement
SP-00472,49,111.44,10,3,2,5.0,0,21,Professional,Paid,Portugal,0,0.18540838268985252,Low,Send re-engagement journey
SP-01387,34,96.84,11,4,1,3.3,0,8,Enterprise,Referral,Germany,0,0.1849935751946376,Low,Maintain regular engagement
SP-01120,30,70.73,11,3,0,3.8,1,9,Enterprise,Organic,United Kingdom,0,0.18471794422674778,Low,Maintain regular engagement
SP-00823,9,57.62,15,6,0,4.8,1,14,Basic,Organic,Germany,0,0.1843715855427683,Low,Maintain regular engagement
SP-01280,52,82.32,8,4,2,3.8,0,5,Basic,Paid,Germany,0,0.18410146234175873,Low,Maintain regular engagement
SP-01217,31,47.0,4,6,0,4.6,1,6,Professional,Organic,Germany,0,0.18389201095191704,Low,Maintain regular engagement
SP-02194,14,132.49,10,4,0,4.0,0,11,Professional,Paid,Germany,0,0.18339368296260727,Low,Maintain regular engagement
SP-01354,55,76.31,6,5,0,3.3,1,2,Basic,Organic,United Kingdom,0,0.18282371572925057,Low,Maintain regular engagement
SP-01282,45,122.86,12,5,0,4.1,0,21,Basic,Partner,Germany,0,0.18277567042938686,Low,Send re-engagement journey
SP-01667,46,43.89,8,3,0,4.3,0,13,Basic,Paid,United Kingdom,0,0.18276070258750252,Low,Maintain regular engagement
SP-01553,32,97.19,9,2,0,4.3,1,9,Professional,Paid,Germany,0,0.18267522463466587,Low,Maintain regular engagement
SP-01369,58,138.21,4,3,1,4.4,1,8,Basic,Organic,Germany,0,0.18257910634184618,Low,Maintain regular engagement
SP-02284,48,58.06,11,5,1,3.4,0,6,Professional,Partner,United Kingdom,0,0.18248797284489604,Low,Maintain regular engagement
SP-01215,5,48.18,7,3,1,4.9,0,6,Enterprise,Organic,Germany,0,0.18243941859592466,Low,Maintain regular engagement
SP-01638,38,67.87,7,5,1,3.8,0,2,Basic,Referral,Germany,0,0.18241266645729343,Low,Maintain regular engagement
SP-01596,10,51.04,10,5,0,3.8,0,4,Professional,Organic,Portugal,0,0.18223949932419217,Low,Maintain regular engagement
SP-00277,29,118.86,6,5,1,5.0,1,9,Professional,Organic,United Kingdom,0,0.18119481013513447,Low,Maintain regular engagement
SP-01723,40,65.29,4,6,0,4.1,1,6,Professional,Paid,United Kingdom,1,0.18109030668101875,Low,Maintain regular engagement
SP-01248,28,57.57,15,1,2,4.3,0,4,Professional,Partner,Germany,0,0.18098807527387217,Low,Maintain regular engagement
SP-01339,47,138.14,9,2,0,5.0,0,24,Basic,Organic,Germany,0,0.18095343509899717,Low,Send re-engagement journey
SP-02178,29,108.17,7,2,0,5.0,1,11,Professional,Organic,Germany,0,0.18082229843552683,Low,Maintain regular engagement
SP-01365,34,102.58,10,4,1,4.0,2,7,Enterprise,Paid,Germany,0,0.18039779083878232,Low,Offer billing support or flexible payment plan
SP-01521,52,92.76,5,1,0,4.1,1,6,Professional,Paid,United Kingdom,0,0.18007098915888534,Low,Maintain regular engagement
SP-00311,40,87.76,6,8,0,3.7,2,6,Professional,Paid,Portugal,0,0.17950174148675996,Low,Offer billing support or flexible payment plan
SP-01969,51,94.35,12,2,2,4.4,1,10,Basic,Paid,Portugal,0,0.1792999048932197,Low,Maintain regular engagement
SP-01241,31,100.85,9,4,0,4.3,1,16,Enterprise,Paid,United Kingdom,0,0.17900223905692358,Low,Maintain regular engagement
SP-01054,58,115.74,7,7,2,3.7,1,3,Basic,Referral,Germany,0,0.17886878300021036,Low,Maintain regular engagement
SP-01848,33,92.91,5,2,1,4.5,0,5,Professional,Paid,United Kingdom,0,0.17883479364439703,Low,Maintain regular engagement
SP-02012,24,70.25,5,7,1,4.3,0,4,Basic,Referral,Portugal,0,0.17858423453773112,Low,Maintain regular engagement
SP-00809,24,125.4,11,3,0,4.4,1,10,Professional,Organic,United Kingdom,0,0.1785481206189481,Low,Maintain regular engagement
SP-01259,33,122.09,9,3,1,3.1,0,7,Enterprise,Paid,Portugal,0,0.17775648475471342,Low,Maintain regular engagement
SP-02148,57,85.19,7,5,2,3.3,0,5,Enterprise,Partner,United Kingdom,0,0.17769456340579817,Low,Maintain regular engagement
SP-01158,52,74.12,7,5,0,4.5,1,13,Basic,Organic,United Kingdom,0,0.17687822290480104,Low,Maintain regular engagement
SP-02157,27,68.57,15,2,0,3.2,1,5,Enterprise,Organic,United Kingdom,0,0.1765553178188059,Low,Maintain regular engagement
SP-01926,8,38.21,9,7,0,4.3,1,2,Basic,Referral,Portugal,0,0.17568161144634145,Low,Maintain regular engagement
SP-00301,22,69.49,7,9,1,5.0,3,3,Professional,Organic,Portugal,0,0.1754952120411513,Low,Offer billing support or flexible payment plan
SP-02420,26,149.02,13,3,1,3.0,0,10,Enterprise,Paid,Portugal,0,0.1748920919328218,Low,Maintain regular engagement
SP-00040,38,90.78,7,4,2,3.6,0,2,Enterprise,Organic,Germany,0,0.17483950319468447,Low,Maintain regular engagement
SP-01170,56,158.29,10,3,1,3.0,0,12,Enterprise,Organic,United Kingdom,0,0.17447996103383026,Low,Maintain regular engagement
SP-00837,49,89.74,11,5,3,3.7,0,1,Basic,Organic,Germany,0,0.17425998065007808,Low,Escalate unresolved service issues
SP-00795,26,55.31,10,6,3,5.0,0,6,Basic,Organic,Portugal,0,0.17411752073904194,Low,Escalate unresolved service issues
SP-01825,47,91.45,7,2,1,4.1,1,8,Enterprise,Referral,Portugal,0,0.1740165272032047,Low,Maintain regular engagement
SP-01290,38,73.58,4,6,0,4.8,1,13,Basic,Paid,Portugal,0,0.17399881800311767,Low,Maintain regular engagement
SP-00865,51,74.72,10,5,1,4.4,1,11,Basic,Organic,Germany,0,0.17363371714655657,Low,Maintain regular engagement
SP-01479,14,47.01,10,4,0,5.0,1,7,Professional,Referral,United Kingdom,1,0.17326794575175514,Low,Maintain regular engagement
SP-00063,22,173.34,17,4,1,4.0,0,15,Basic,Referral,Germany,0,0.17315337736499714,Low,Maintain regular engagement
SP-01887,40,64.05,6,5,0,4.2,0,17,Enterprise,Partner,Portugal,0,0.17292285205068364,Low,Maintain regular engagement
SP-01632,54,105.45,8,1,1,4.5,1,13,Enterprise,Referral,Germany,0,0.17286281142602092,Low,Maintain regular engagement
SP-01678,26,168.59,10,7,2,3.6,0,9,Enterprise,Partner,United Kingdom,0,0.1728116570894785,Low,Maintain regular engagement
SP-00773,1,120.25,6,4,0,4.3,0,1,Professional,Organic,United Kingdom,0,0.17280716746925365,Low,Maintain regular engagement
SP-01788,6,43.9,9,2,1,4.5,0,4,Enterprise,Organic,Portugal,0,0.1727941453862356,Low,Maintain regular engagement
SP-01751,56,80.4,8,2,0,4.4,0,16,Professional,Referral,Germany,0,0.1725359143453693,Low,Maintain regular engagement
SP-01796,13,96.28,8,4,1,3.8,0,1,Enterprise,Referral,United Kingdom,0,0.1723550534847005,Low,Maintain regular engagement
SP-01676,60,126.09,6,2,1,4.4,0,19,Enterprise,Organic,Germany,0,0.17230711130828477,Low,Maintain regular engagement
SP-01340,25,86.61,12,7,1,4.6,1,13,Professional,Organic,Portugal,0,0.1713689101070637,Low,Maintain regular engagement
SP-00477,51,58.62,14,1,1,4.2,2,5,Basic,Paid,Germany,0,0.1709745821090323,Low,Offer billing support or flexible payment plan
SP-01507,55,164.9,10,1,0,2.9,0,7,Basic,Organic,Germany,0,0.17097012308458528,Low,Maintain regular engagement
SP-02155,43,65.43,8,7,0,3.5,0,10,Basic,Organic,Portugal,0,0.1708014919395526,Low,Maintain regular engagement
SP-01447,57,106.57,3,3,1,4.0,0,6,Basic,Paid,Germany,0,0.17077203908967944,Low,Maintain regular engagement
SP-00420,31,242.64,8,3,0,3.0,1,2,Basic,Partner,Portugal,0,0.17073863712459492,Low,Maintain regular engagement
SP-00953,37,49.1,8,3,0,4.0,0,4,Basic,Referral,United Kingdom,0,0.1697978244516357,Low,Maintain regular engagement
SP-00210,47,130.48,9,3,1,4.2,0,11,Basic,Partner,Germany,0,0.16974601560199634,Low,Maintain regular engagement
SP-02161,49,90.83,12,3,2,4.5,2,2,Basic,Referral,Germany,0,0.16969132004725013,Low,Offer billing support or flexible payment plan
SP-01310,52,73.59,10,2,1,3.2,1,4,Enterprise,Paid,Germany,0,0.1695189427801208,Low,Maintain regular engagement
SP-01773,22,117.54,5,8,0,5.0,1,13,Professional,Partner,Germany,0,0.1687826585875263,Low,Maintain regular engagement
SP-01876,8,75.65,8,4,1,5.0,0,4,Professional,Partner,United Kingdom,0,0.16876452832003488,Low,Maintain regular engagement
SP-00433,50,32.78,9,8,1,4.0,0,11,Basic,Organic,Germany,0,0.168673940873885,Low,Maintain regular engagement
SP-00666,42,68.74,10,2,3,4.8,0,8,Enterprise,Partner,United Kingdom,0,0.16858602289031596,Low,Escalate unresolved service issues
SP-01492,30,189.94,14,7,1,3.8,1,19,Enterprise,Organic,Germany,0,0.16833706329395928,Low,Maintain regular engagement
SP-01982,38,110.74,12,4,0,4.1,0,16,Basic,Organic,Germany,0,0.16815895456437074,Low,Maintain regular engagement
SP-00105,48,85.6,12,0,0,5.0,2,13,Basic,Referral,Portugal,0,0.16762935766989062,Low,Offer billing support or flexible payment plan
SP-02414,37,81.26,9,2,1,5.0,1,6,Basic,Referral,United Kingdom,0,0.1675835705280441,Low,Maintain regular engagement
SP-01494,20,54.79,11,4,0,4.3,0,9,Basic,Partner,Portugal,0,0.1675504992905079,Low,Maintain regular engagement
SP-00943,55,107.7,8,3,2,4.2,2,6,Enterprise,Paid,Germany,0,0.16752034942549196,Low,Offer billing support or flexible payment plan
SP-01165,32,123.34,7,3,0,4.3,1,7,Professional,Referral,Portugal,0,0.16743930485773725,Low,Maintain regular engagement
SP-01109,57,239.3,8,2,3,4.7,0,13,Basic,Organic,United Kingdom,0,0.16723456671221923,Low,Escalate unresolved service issues
SP-02122,58,43.72,9,5,1,4.1,1,6,Basic,Organic,United Kingdom,0,0.16700804806578745,Low,Maintain regular engagement
SP-01273,56,64.55,11,3,1,4.1,2,11,Enterprise,Paid,Germany,0,0.1669737288952934,Low,Offer billing support or flexible payment plan
SP-00229,33,89.49,10,4,1,4.3,0,9,Professional,Organic,Germany,0,0.16685899969832843,Low,Maintain regular engagement
SP-00012,59,96.83,11,5,1,4.3,1,13,Basic,Referral,United Kingdom,0,0.16676785195226965,Low,Maintain regular engagement
SP-00579,54,72.79,10,1,0,4.6,2,10,Basic,Paid,Germany,0,0.16664169702890094,Low,Offer billing support or flexible payment plan
SP-00965,57,94.03,7,4,1,3.9,1,3,Basic,Referral,Germany,0,0.16662063990378767,Low,Maintain regular engagement
SP-01541,29,71.06,6,2,0,5.0,0,10,Professional,Referral,Germany,0,0.16625008616358963,Low,Maintain regular engagement
SP-01726,47,59.02,7,3,0,3.7,0,7,Professional,Organic,Portugal,0,0.1657538698366654,Low,Maintain regular engagement
SP-00459,51,72.06,9,4,0,4.9,0,23,Basic,Organic,Portugal,0,0.16573891868418508,Low,Send re-engagement journey
SP-02262,60,120.03,8,3,2,4.1,1,5,Basic,Paid,Germany,0,0.16564719502209757,Low,Maintain regular engagement
SP-01034,19,71.39,6,1,0,5.0,0,4,Basic,Referral,United Kingdom,0,0.1651955537790997,Low,Maintain regular engagement
SP-01304,54,76.27,10,0,1,4.5,1,7,Basic,Paid,United Kingdom,0,0.16506679739245705,Low,Maintain regular engagement
SP-02264,31,43.7,6,10,0,3.3,0,5,Professional,Organic,Portugal,0,0.16438995595845976,Low,Maintain regular engagement
SP-00627,21,69.52,8,8,0,4.3,0,10,Professional,Referral,United Kingdom,0,0.1642118949942395,Low,Maintain regular engagement
SP-01255,39,58.36,11,4,0,3.2,1,6,Enterprise,Referral,Portugal,0,0.16344086549462347,Low,Maintain regular engagement
SP-02289,57,73.01,9,3,1,3.9,0,8,Professional,Referral,Germany,0,0.1632523014513464,Low,Maintain regular engagement
SP-01265,15,69.97,4,4,0,4.1,0,1,Professional,Paid,Portugal,0,0.16274894930102016,Low,Maintain regular engagement
SP-02280,41,38.03,10,4,0,5.0,0,17,Basic,Referral,United Kingdom,0,0.1627063369052335,Low,Maintain regular engagement
SP-00209,16,84.0,4,3,0,4.6,1,2,Enterprise,Referral,United Kingdom,0,0.16247980807355727,Low,Maintain regular engagement
SP-00177,44,42.18,8,6,0,3.7,0,9,Basic,Paid,Germany,0,0.1621536516149688,Low,Maintain regular engagement
SP-02416,30,47.2,10,6,1,5.0,0,12,Basic,Referral,United Kingdom,0,0.16182264206400068,Low,Maintain regular engagement
SP-01790,46,172.07,12,4,1,4.6,1,18,Professional,Organic,Germany,0,0.16137782895367256,Low,Maintain regular engagement
SP-02173,60,83.07,10,3,2,3.7,1,5,Enterprise,Referral,Germany,0,0.1612197123739135,Low,Maintain regular engagement
SP-01814,30,107.24,14,3,1,4.9,1,11,Basic,Referral,United Kingdom,0,0.16090915559020058,Low,Maintain regular engagement
SP-01971,50,85.06,6,3,1,5.0,0,14,Basic,Paid,United Kingdom,0,0.15990960616198077,Low,Maintain regular engagement
SP-01485,25,68.04,4,1,1,4.6,0,2,Enterprise,Organic,Germany,0,0.1594464173330629,Low,Maintain regular engagement
SP-00129,35,46.7,12,7,0,4.8,1,18,Basic,Organic,Portugal,0,0.15918598291003438,Low,Maintain regular engagement
SP-00393,23,196.06,15,1,0,4.7,2,15,Professional,Paid,Germany,0,0.15908454969321542,Low,Offer billing support or flexible payment plan
SP-01714,45,83.13,7,5,0,5.0,1,15,Basic,Organic,Germany,0,0.15898910420973134,Low,Maintain regular engagement
SP-01713,53,107.68,7,1,1,4.4,1,6,Professional,Organic,Portugal,0,0.158981599189645,Low,Maintain regular engagement
SP-00448,58,99.36,8,3,1,3.5,0,4,Basic,Organic,Germany,0,0.15837530365102648,Low,Maintain regular engagement
SP-01616,11,91.19,11,4,0,5.0,2,6,Basic,Paid,Germany,0,0.15804133088267974,Low,Offer billing support or flexible payment plan
SP-02337,28,136.26,13,7,0,3.4,1,7,Professional,Referral,United Kingdom,1,0.15720522462568098,Low,Maintain regular engagement
SP-02320,47,124.66,15,1,1,4.2,0,14,Basic,Partner,Germany,0,0.15718395643309832,Low,Maintain regular engagement
SP-00101,50,197.11,5,6,1,4.3,0,15,Basic,Organic,Germany,0,0.1571639765866798,Low,Maintain regular engagement
SP-01044,23,90.1,10,2,0,4.2,1,6,Enterprise,Referral,United Kingdom,0,0.15715998617143334,Low,Maintain regular engagement
SP-00195,58,144.59,10,2,1,5.0,0,27,Enterprise,Referral,United Kingdom,0,0.15583155725550368,Low,Send re-engagement journey
SP-01766,57,93.72,9,5,1,2.9,1,5,Enterprise,Paid,Germany,0,0.15535659986423478,Low,Maintain regular engagement
SP-00681,44,98.99,10,1,2,4.4,0,5,Basic,Paid,Germany,0,0.15521558936695215,Low,Maintain regular engagement
SP-01329,41,50.55,7,2,0,4.0,1,4,Enterprise,Referral,Germany,0,0.15467119013130415,Low,Maintain regular engagement
SP-00003,40,50.28,12,3,0,4.5,1,11,Basic,Paid,United Kingdom,0,0.1545692213804485,Low,Maintain regular engagement
SP-00594,59,58.23,9,2,2,5.0,0,12,Professional,Organic,Germany,0,0.15421470995464415,Low,Maintain regular engagement
SP-00255,40,177.26,7,4,0,4.1,1,13,Professional,Paid,Portugal,0,0.15349317440575933,Low,Maintain regular engagement
SP-01980,48,159.54,8,6,0,3.5,1,8,Basic,Organic,Germany,0,0.15347921700609518,Low,Maintain regular engagement
SP-00672,37,118.75,5,3,2,5.0,0,3,Basic,Referral,United Kingdom,0,0.15323795685084643,Low,Maintain regular engagement
SP-02327,21,65.96,8,5,2,5.0,0,4,Basic,Organic,Portugal,0,0.15317894453495998,Low,Maintain regular engagement
SP-01910,57,116.06,9,5,3,3.3,0,5,Enterprise,Paid,Germany,0,0.15316250902369546,Low,Escalate unresolved service issues
SP-01283,24,70.18,11,3,1,4.3,0,6,Basic,Paid,Portugal,0,0.15288774095262778,Low,Maintain regular engagement
SP-00654,49,77.3,3,3,1,4.3,0,1,Basic,Organic,Germany,0,0.15231392979286465,Low,Maintain regular engagement
SP-01197,43,146.63,8,2,1,3.9,0,5,Basic,Referral,Portugal,0,0.15220600883598934,Low,Maintain regular engagement
SP-00788,42,69.87,5,5,0,4.3,0,8,Basic,Organic,Germany,0,0.15215172745044914,Low,Maintain regular engagement
SP-00942,25,63.85,6,6,2,4.5,1,3,Enterprise,Paid,Portugal,0,0.15181801449997948,Low,Maintain regular engagement
SP-00517,53,53.98,9,6,1,3.7,0,6,Basic,Organic,Germany,0,0.15154631284012657,Low,Maintain regular engagement
SP-01528,9,152.96,11,3,2,4.8,0,5,Professional,Paid,United Kingdom,0,0.15040874450297687,Low,Maintain regular engagement
SP-00512,45,137.81,9,6,2,3.8,0,5,Professional,Referral,Germany,0,0.15030507599790985,Low,Maintain regular engagement
SP-02088,40,181.77,8,4,2,3.8,0,3,Professional,Organic,Germany,0,0.15025078023232735,Low,Maintain regular engagement
SP-00742,46,89.88,6,6,1,4.0,0,7,Professional,Referral,Portugal,0,0.15003567216676053,Low,Maintain regular engagement
SP-00933,16,128.68,9,4,0,3.9,1,2,Basic,Paid,Portugal,0,0.15002271481195387,Low,Maintain regular engagement
SP-01377,58,142.0,6,6,0,4.7,1,19,Professional,Organic,United Kingdom,0,0.14956327141687464,Low,Maintain regular engagement
SP-00591,49,64.2,5,2,0,4.8,1,7,Professional,Organic,Germany,0,0.14919087623413677,Low,Maintain regular engagement
SP-00869,27,114.88,8,3,0,4.4,0,13,Enterprise,Referral,United Kingdom,0,0.14895633349879503,Low,Maintain regular engagement
SP-01981,40,86.26,8,3,1,5.0,1,6,Basic,Organic,United Kingdom,0,0.14894688397069475,Low,Maintain regular engagement
SP-01573,45,100.03,6,3,0,3.9,0,4,Basic,Partner,United Kingdom,0,0.14818017670827557,Low,Maintain regular engagement
SP-00895,45,111.89,10,4,2,5.0,2,10,Enterprise,Organic,United Kingdom,0,0.1480753705027644,Low,Offer billing support or flexible payment plan
SP-00875,42,95.94,14,8,2,3.5,0,6,Basic,Referral,Germany,0,0.147918660324047,Low,Maintain regular engagement
SP-01728,35,76.57,12,8,0,4.5,1,23,Enterprise,Partner,Portugal,0,0.14790038413458884,Low,Send re-engagement journey
SP-01540,38,116.83,5,5,1,3.9,0,4,Basic,Paid,Portugal,0,0.14787549287767468,Low,Maintain regular engagement
SP-00963,51,180.34,12,0,2,4.6,1,10,Professional,Paid,United Kingdom,0,0.14723946127488746,Low,Maintain regular engagement
SP-00825,38,258.77,9,2,1,4.1,0,12,Professional,Referral,Germany,0,0.14661130694316168,Low,Maintain regular engagement
SP-00689,27,192.37,12,4,1,3.6,0,8,Professional,Paid,United Kingdom,0,0.14630218025029895,Low,Maintain regular engagement
SP-01639,11,99.31,9,4,0,3.5,0,3,Enterprise,Referral,Portugal,1,0.14605420373766115,Low,Maintain regular engagement
SP-02117,58,123.6,10,2,1,3.2,1,6,Enterprise,Organic,Portugal,0,0.14603290590684634,Low,Maintain regular engagement
SP-00227,49,95.06,8,4,1,4.6,0,19,Enterprise,Partner,Portugal,0,0.14593780838136472,Low,Maintain regular engagement
SP-01421,57,78.52,11,6,3,3.6,0,6,Enterprise,Referral,Germany,0,0.14580216340992463,Low,Escalate unresolved service issues
SP-00119,15,153.25,7,2,1,5.0,0,5,Professional,Organic,United Kingdom,0,0.14564688096117484,Low,Maintain regular engagement
SP-02300,54,105.35,8,5,1,4.3,1,10,Professional,Organic,Portugal,0,0.14532147625451425,Low,Maintain regular engagement
SP-01060,19,83.38,9,6,0,4.7,1,9,Professional,Organic,Portugal,0,0.1448290232858645,Low,Maintain regular engagement
SP-00796,18,88.52,6,4,0,5.0,1,5,Basic,Paid,Germany,0,0.14469272215699908,Low,Maintain regular engagement
SP-00717,32,67.96,9,4,0,4.1,0,5,Basic,Organic,United Kingdom,0,0.1443641116922077,Low,Maintain regular engagement
SP-01448,58,60.53,9,4,0,4.0,1,16,Enterprise,Paid,Germany,0,0.1443066474718869,Low,Maintain regular engagement
SP-01228,60,99.84,9,7,3,4.0,0,4,Basic,Referral,Germany,0,0.14304724744687672,Low,Escalate unresolved service issues
SP-01004,54,87.67,9,2,2,4.7,0,7,Professional,Partner,United Kingdom,0,0.1426923808851927,Low,Maintain regular engagement
SP-00018,8,71.01,6,0,1,4.9,0,1,Enterprise,Paid,Germany,0,0.14244076148008228,Low,Maintain regular engagement
SP-00362,54,51.04,10,2,1,4.3,1,3,Professional,Partner,Germany,0,0.1420041792358672,Low,Maintain regular engagement
SP-01082,60,84.31,9,2,1,4.2,1,4,Basic,Organic,Germany,0,0.14123309274185022,Low,Maintain regular engagement
SP-01148,47,109.62,10,2,1,4.3,0,9,Professional,Organic,Germany,0,0.13995129360856384,Low,Maintain regular engagement
SP-01203,60,69.45,8,3,0,4.0,1,7,Basic,Paid,United Kingdom,0,0.13964204626196156,Low,Maintain regular engagement
SP-02093,49,121.44,9,4,2,3.2,0,2,Enterprise,Organic,Germany,0,0.13959831517810842,Low,Maintain regular engagement
SP-00515,58,42.28,9,2,0,3.8,1,2,Professional,Organic,United Kingdom,0,0.13950429612625165,Low,Maintain regular engagement
SP-01233,59,104.96,10,3,3,4.4,0,6,Basic,Paid,Germany,0,0.1393084342012667,Low,Escalate unresolved service issues
SP-01623,56,85.29,10,3,0,3.5,0,7,Basic,Partner,Germany,0,0.13901253634281213,Low,Maintain regular engagement
SP-01344,35,53.51,12,4,1,3.7,0,3,Professional,Paid,Germany,0,0.1387552955502555,Low,Maintain regular engagement
SP-01185,26,36.72,6,7,0,5.0,1,5,Basic,Referral,Germany,0,0.13869634978543766,Low,Maintain regular engagement
SP-01243,58,81.61,9,3,1,4.3,0,10,Professional,Organic,United Kingdom,0,0.13866973596614704,Low,Maintain regular engagement
SP-00686,49,126.06,10,4,0,3.5,0,10,Basic,Partner,Portugal,0,0.13829516872317113,Low,Maintain regular engagement
SP-02363,58,106.97,11,5,1,4.3,2,7,Basic,Organic,Germany,0,0.13764841919776344,Low,Offer billing support or flexible payment plan
SP-00969,56,57.13,8,6,0,4.2,1,9,Professional,Referral,United Kingdom,0,0.13718380117189102,Low,Maintain regular engagement
SP-00140,27,91.12,15,3,1,4.6,0,11,Professional,Organic,United Kingdom,0,0.1370616638168896,Low,Maintain regular engagement
SP-02140,25,117.24,10,1,0,4.6,0,8,Professional,Referral,Germany,0,0.13672436093858822,Low,Maintain regular engagement
SP-02132,59,77.77,7,3,0,4.1,0,18,Enterprise,Paid,Germany,0,0.13520384234585434,Low,Maintain regular engagement
SP-02268,44,85.19,3,6,1,4.9,0,9,Basic,Organic,Portugal,0,0.13462467067497053,Low,Maintain regular engagement
SP-02285,41,58.7,6,6,1,4.2,1,4,Enterprise,Organic,Germany,0,0.13452322550777887,Low,Maintain regular engagement
SP-01295,58,108.94,13,3,2,3.9,0,9,Professional,Partner,Portugal,0,0.1337759694934033,Low,Maintain regular engagement
SP-00463,45,81.29,11,4,2,4.5,0,14,Enterprise,Organic,Portugal,0,0.1334343902545611,Low,Maintain regular engagement
SP-01912,54,84.58,12,3,1,3.4,0,11,Enterprise,Organic,Portugal,0,0.13310992208690062,Low,Maintain regular engagement
SP-00438,56,64.62,9,2,1,4.4,0,8,Professional,Organic,Germany,0,0.1327597334530381,Low,Maintain regular engagement
SP-01287,55,82.11,9,4,3,5.0,1,4,Basic,Paid,Germany,0,0.13255539539291386,Low,Escalate unresolved service issues
SP-00274,58,60.55,7,3,0,4.0,1,2,Basic,Organic,United Kingdom,0,0.1324179273191644,Low,Maintain regular engagement
SP-02350,31,116.13,4,3,1,5.0,1,5,Enterprise,Partner,Germany,0,0.13222729869005306,Low,Maintain regular engagement
SP-01234,45,36.16,8,3,0,4.4,0,7,Professional,Referral,Germany,0,0.1321261591681094,Low,Maintain regular engagement
SP-01040,50,94.89,4,2,0,4.5,0,7,Professional,Partner,Germany,0,0.13174818649086695,Low,Maintain regular engagement
SP-00451,58,86.84,11,7,0,2.4,0,2,Basic,Partner,United Kingdom,0,0.1315466726669466,Low,Maintain regular engagement
SP-01242,47,144.16,8,6,2,4.0,0,6,Basic,Paid,Germany,0,0.1313920670104514,Low,Maintain regular engagement
SP-01822,46,41.67,5,9,2,4.2,0,1,Professional,Organic,Germany,0,0.13129530625061162,Low,Maintain regular engagement
SP-02392,12,77.76,4,2,0,4.5,0,2,Enterprise,Organic,Portugal,0,0.13118699019088756,Low,Maintain regular engagement
SP-00999,58,82.45,8,1,0,4.5,2,2,Basic,Referral,Germany,0,0.13075237938387507,Low,Offer billing support or flexible payment plan
SP-00707,1,150.46,7,4,0,5.0,0,6,Professional,Referral,Germany,0,0.13071128494784917,Low,Maintain regular engagement
SP-02400,45,91.2,10,6,0,3.0,0,8,Enterprise,Partner,United Kingdom,0,0.13070158167021242,Low,Maintain regular engagement
SP-00219,27,105.36,8,1,0,5.0,0,10,Basic,Paid,Germany,0,0.1299615336198871,Low,Maintain regular engagement
SP-02217,28,218.41,11,5,2,5.0,1,11,Basic,Partner,Portugal,0,0.12972222529900682,Low,Maintain regular engagement
SP-00804,56,95.73,14,1,0,3.7,1,6,Basic,Referral,Germany,0,0.12952876945085096,Low,Maintain regular engagement
SP-02439,51,109.97,6,2,0,5.0,2,6,Professional,Organic,United Kingdom,0,0.12909535997857616,Low,Offer billing support or flexible payment plan
SP-00850,37,31.68,10,6,0,4.2,1,6,Professional,Organic,Portugal,0,0.12903431318283476,Low,Maintain regular engagement
SP-02027,37,117.95,13,5,0,3.7,0,11,Professional,Partner,Germany,0,0.12902799102944923,Low,Maintain regular engagement
SP-00297,51,36.35,9,5,0,4.3,0,13,Professional,Paid,United Kingdom,0,0.1281783207968584,Low,Maintain regular engagement
SP-00334,50,148.04,7,3,0,4.2,2,2,Professional,Referral,United Kingdom,0,0.12817766713009446,Low,Offer billing support or flexible payment plan
SP-01784,58,91.14,10,2,1,4.0,0,12,Enterprise,Partner,Germany,0,0.12810218367226053,Low,Maintain regular engagement
SP-00202,55,61.01,6,2,0,4.1,0,5,Professional,Organic,Germany,0,0.1268936166323697,Low,Maintain regular engagement
SP-00068,23,202.55,10,3,0,3.3,0,1,Basic,Organic,Germany,0,0.12671321165686047,Low,Maintain regular engagement
SP-00130,39,38.91,4,5,0,4.4,1,2,Professional,Paid,Portugal,0,0.12620487711063752,Low,Maintain regular engagement
SP-01471,54,181.75,4,7,0,3.3,0,8,Professional,Organic,Germany,0,0.12606555641754916,Low,Maintain regular engagement
SP-00549,31,103.68,4,5,0,5.0,1,5,Professional,Referral,Germany,0,0.1259972379343586,Low,Maintain regular engagement
SP-02081,50,66.46,13,7,2,3.9,1,2,Professional,Referral,Germany,0,0.12562665074398147,Low,Maintain regular engagement
SP-02009,48,54.85,15,2,0,3.1,1,8,Enterprise,Paid,Portugal,0,0.12532480295825016,Low,Maintain regular engagement
SP-01313,47,55.66,7,7,3,4.0,0,2,Enterprise,Paid,Germany,0,0.12515217437638776,Low,Escalate unresolved service issues
SP-01420,29,78.91,14,3,1,4.8,1,4,Basic,Referral,United Kingdom,0,0.12489151515105329,Low,Maintain regular engagement
SP-00030,27,154.41,4,4,1,4.3,0,8,Enterprise,Paid,Portugal,0,0.12456230633053843,Low,Maintain regular engagement
SP-02251,31,108.1,12,7,2,3.6,0,3,Professional,Paid,Portugal,0,0.12453986114074067,Low,Maintain regular engagement
SP-00560,52,235.69,7,4,2,4.6,0,15,Professional,Paid,Germany,0,0.12445743915698589,Low,Maintain regular engagement
SP-02128,38,113.67,6,9,1,4.7,2,6,Basic,Paid,Portugal,0,0.12417615803259602,Low,Offer billing support or flexible payment plan
SP-01438,40,87.39,8,2,0,4.3,0,7,Professional,Partner,Portugal,0,0.12409171584523228,Low,Maintain regular engagement
SP-01858,36,116.25,12,6,2,4.1,0,5,Professional,Organic,Germany,0,0.12382255272147569,Low,Maintain regular engagement
SP-00416,41,55.0,12,3,0,3.6,0,11,Enterprise,Paid,Germany,0,0.1235470382753072,Low,Maintain regular engagement
SP-00723,51,101.77,7,4,0,4.9,2,9,Basic,Paid,Germany,0,0.12337739392562432,Low,Offer billing support or flexible payment plan
SP-01144,51,149.07,9,1,0,4.2,1,6,Professional,Referral,United Kingdom,0,0.1230415808182301,Low,Maintain regular engagement
SP-01934,58,87.21,7,3,0,3.8,1,3,Professional,Referral,Portugal,0,0.12301829430742964,Low,Maintain regular engagement
SP-02022,40,184.96,10,2,0,4.2,1,7,Basic,Partner,Germany,0,0.12301182161721869,Low,Maintain regular engagement
SP-02096,47,63.56,17,2,0,4.0,1,11,Professional,Partner,Portugal,1,0.12291479936396484,Low,Maintain regular engagement
SP-00655,34,175.41,7,7,1,5.0,1,10,Basic,Referral,Germany,0,0.12182902129305376,Low,Maintain regular engagement
SP-01746,59,64.06,1,5,0,4.4,1,2,Professional,Organic,Germany,0,0.12182149511510121,Low,Maintain regular engagement
SP-00688,36,109.11,8,4,1,5.0,0,12,Professional,Paid,Germany,0,0.121268897382386,Low,Maintain regular engagement
SP-01336,60,96.53,10,5,2,5.0,0,14,Basic,Organic,United Kingdom,0,0.12093738539461413,Low,Maintain regular engagement
SP-01330,21,100.44,7,2,1,4.5,0,3,Enterprise,Referral,Portugal,0,0.12088211171572853,Low,Maintain regular engagement
SP-00491,56,77.26,7,5,1,4.5,1,7,Professional,Paid,Germany,0,0.12075488397751971,Low,Maintain regular engagement
SP-01649,59,68.35,5,10,2,5.0,0,13,Basic,Organic,Germany,0,0.12067878575153418,Low,Maintain regular engagement
SP-02463,29,101.32,13,4,1,4.9,0,11,Basic,Partner,Germany,0,0.1205471720240046,Low,Maintain regular engagement
SP-00937,10,57.22,10,1,0,4.5,0,5,Enterprise,Paid,Germany,0,0.12040186763125238,Low,Maintain regular engagement
SP-01692,54,72.84,12,3,2,4.1,0,11,Enterprise,Paid,Germany,1,0.12036492724160726,Low,Maintain regular engagement
SP-00551,49,197.42,5,4,0,5.0,0,20,Basic,Referral,Portugal,0,0.1197007650914891,Low,Maintain regular engagement
SP-01952,37,104.23,9,7,1,4.7,0,13,Professional,Partner,Portugal,0,0.11838569661408456,Low,Maintain regular engagement
SP-00994,26,134.44,13,3,1,4.5,0,6,Basic,Partner,United Kingdom,0,0.1178588930772634,Low,Maintain regular engagement
SP-00050,47,73.01,13,8,1,3.6,0,12,Professional,Paid,Portugal,0,0.11769674657792337,Low,Maintain regular engagement
SP-00545,50,178.03,6,4,1,3.7,0,5,Professional,Paid,Germany,0,0.11727637326781885,Low,Maintain regular engagement
SP-01736,48,120.89,8,4,2,4.3,0,1,Basic,Organic,United Kingdom,0,0.11712840067205525,Low,Maintain regular engagement
SP-01299,32,95.81,8,8,0,3.8,1,2,Basic,Organic,Portugal,0,0.11680432410647001,Low,Maintain regular engagement
SP-02071,12,99.24,6,5,1,5.0,0,4,Professional,Paid,Portugal,0,0.11668465218049175,Low,Maintain regular engagement
SP-01700,58,98.28,14,1,0,4.1,0,15,Professional,Organic,Germany,0,0.11651359306830077,Low,Maintain regular engagement
SP-00690,47,113.01,7,5,1,4.9,1,9,Professional,Paid,United Kingdom,0,0.11650683871851916,Low,Maintain regular engagement
SP-01210,58,183.51,9,1,0,3.9,1,6,Basic,Referral,Germany,0,0.116411749868995,Low,Maintain regular engagement
SP-01687,26,81.03,11,4,0,4.7,1,6,Basic,Paid,United Kingdom,0,0.11635252438420259,Low,Maintain regular engagement
SP-01567,59,90.1,4,7,1,4.2,0,8,Professional,Paid,United Kingdom,0,0.1163084766797983,Low,Maintain regular engagement
SP-01188,36,185.59,10,4,3,3.6,0,1,Enterprise,Paid,Germany,0,0.115579115348769,Low,Escalate unresolved service issues
SP-00922,35,69.12,7,4,1,4.8,0,11,Enterprise,Paid,Germany,0,0.11539611561678696,Low,Maintain regular engagement
SP-00479,40,97.15,11,3,1,4.4,0,8,Professional,Organic,Portugal,0,0.11503790604295706,Low,Maintain regular engagement
SP-00926,57,84.75,6,6,0,3.4,0,5,Professional,Paid,United Kingdom,0,0.11444896909105774,Low,Maintain regular engagement
SP-00375,54,76.57,7,4,0,4.1,1,2,Professional,Partner,United Kingdom,0,0.11320689975993894,Low,Maintain regular engagement
SP-01108,55,129.48,5,3,1,4.0,0,1,Professional,Referral,Germany,0,0.11311264602963103,Low,Maintain regular engagement
SP-01547,42,75.75,8,4,1,4.4,0,5,Professional,Paid,Germany,0,0.1126208935350024,Low,Maintain regular engagement
SP-02356,23,101.11,10,6,0,4.8,1,6,Basic,Referral,Germany,0,0.11147148217212348,Low,Maintain regular engagement
SP-02290,25,68.74,12,3,0,4.4,1,3,Professional,Paid,Germany,0,0.11138214111194188,Low,Maintain regular engagement
SP-01274,41,115.01,5,5,0,5.0,0,13,Professional,Organic,Germany,0,0.11111651795143472,Low,Maintain regular engagement
SP-01620,60,32.75,10,2,0,3.9,0,11,Enterprise,Organic,Germany,0,0.11009155744637268,Low,Maintain regular engagement
SP-02457,51,66.6,11,3,0,5.0,1,13,Professional,Organic,Germany,0,0.10852440972824655,Low,Maintain regular engagement
SP-02468,41,74.95,9,2,0,5.0,1,11,Enterprise,Referral,United Kingdom,0,0.10812957743541239,Low,Maintain regular engagement
SP-00805,45,54.11,8,5,1,5.0,1,3,Basic,Referral,Germany,0,0.1079798629988771,Low,Maintain regular engagement
SP-01250,59,76.7,6,5,0,3.7,1,5,Enterprise,Referral,Germany,0,0.10797949070567689,Low,Maintain regular engagement
SP-00126,34,61.97,9,3,0,5.0,1,4,Professional,Partner,United Kingdom,0,0.10772413887569607,Low,Maintain regular engagement
SP-00293,58,79.49,10,3,1,3.5,1,3,Enterprise,Paid,Germany,0,0.10771831907180494,Low,Maintain regular engagement
SP-01303,42,74.36,12,7,1,4.3,0,10,Professional,Organic,Germany,0,0.10771447335556637,Low,Maintain regular engagement
SP-00633,27,92.58,11,3,1,4.5,0,2,Basic,Referral,Portugal,0,0.10738095821009493,Low,Maintain regular engagement
SP-00234,46,67.25,8,1,0,4.8,1,2,Professional,Referral,United Kingdom,0,0.1067986450070858,Low,Maintain regular engagement
SP-00085,38,150.87,12,2,1,4.1,1,1,Basic,Organic,Portugal,0,0.10677597003828435,Low,Maintain regular engagement
SP-01658,53,79.1,10,1,1,5.0,1,5,Professional,Referral,Germany,0,0.10648963321261178,Low,Maintain regular engagement
SP-00317,44,52.05,9,3,0,4.1,0,8,Enterprise,Referral,Germany,0,0.10588048838827584,Low,Maintain regular engagement
SP-00611,51,126.12,12,3,1,4.1,0,7,Basic,Partner,Germany,0,0.1057939622417157,Low,Maintain regular engagement
SP-00673,39,151.79,8,7,0,3.7,2,2,Professional,Paid,Portugal,0,0.1054749532625214,Low,Offer billing support or flexible payment plan
SP-00066,20,100.87,13,7,0,4.9,1,14,Basic,Paid,Portugal,0,0.1051000857204643,Low,Maintain regular engagement
SP-01423,36,99.7,9,2,0,3.4,0,1,Enterprise,Organic,Germany,0,0.10506001869589261,Low,Maintain regular engagement
SP-01748,23,77.92,7,5,0,4.6,0,2,Basic,Organic,Germany,0,0.10447009616738187,Low,Maintain regular engagement
SP-01589,52,178.62,13,5,0,2.6,0,7,Professional,Paid,United Kingdom,0,0.10427125122534482,Low,Maintain regular engagement
SP-00409,57,68.55,11,3,1,4.2,0,8,Professional,Organic,Portugal,0,0.10404751928069995,Low,Maintain regular engagement
SP-00421,56,86.52,4,5,0,3.9,1,3,Enterprise,Referral,United Kingdom,0,0.10403285065742379,Low,Maintain regular engagement
SP-00288,35,42.09,8,2,0,4.6,1,4,Enterprise,Paid,United Kingdom,0,0.10285544375996683,Low,Maintain regular engagement
SP-01490,31,99.11,8,6,0,4.4,1,4,Professional,Organic,Portugal,0,0.10218533990063357,Low,Maintain regular engagement
SP-00863,8,61.27,14,7,0,4.0,0,3,Basic,Paid,Germany,0,0.1011864711979057,Low,Maintain regular engagement
SP-02482,52,50.63,15,4,1,4.6,0,12,Professional,Referral,United Kingdom,0,0.10108440932132817,Low,Maintain regular engagement
SP-00024,56,166.12,7,1,0,3.1,0,5,Enterprise,Paid,United Kingdom,0,0.10071913444005332,Low,Maintain regular engagement
SP-02257,48,75.2,6,4,0,4.0,0,4,Basic,Paid,Portugal,0,0.10038178264643134,Low,Maintain regular engagement
SP-01626,60,99.99,12,4,1,4.6,2,5,Basic,Organic,Germany,0,0.10029164792504319,Low,Offer billing support or flexible payment plan
SP-01360,22,45.43,10,3,0,5.0,0,5,Professional,Organic,Germany,0,0.10011363930180658,Low,Maintain regular engagement
SP-00509,17,56.76,17,5,0,4.6,0,12,Basic,Paid,Germany,0,0.09990240201751635,Low,Maintain regular engagement
SP-00441,59,88.0,10,2,1,4.6,1,5,Basic,Organic,Portugal,0,0.09985438631641902,Low,Maintain regular engagement
SP-00499,56,58.22,12,2,0,3.5,0,4,Professional,Paid,United Kingdom,1,0.09944235401792383,Low,Maintain regular engagement
SP-02228,56,112.07,12,4,0,5.0,1,20,Professional,Paid,Germany,0,0.09874388741315614,Low,Maintain regular engagement
SP-01002,45,136.72,10,1,0,5.0,0,13,Basic,Partner,Germany,0,0.09849806268303185,Low,Maintain regular engagement
SP-00979,22,111.93,11,4,0,4.2,0,9,Enterprise,Organic,Germany,0,0.09846258066698695,Low,Maintain regular engagement
SP-00835,52,133.29,10,5,1,4.4,1,5,Basic,Referral,Germany,0,0.09845619407077644,Low,Maintain regular engagement
SP-01614,42,82.74,9,5,0,4.6,1,5,Basic,Organic,Germany,0,0.09811536063549992,Low,Maintain regular engagement
SP-01065,46,115.3,6,6,0,3.8,0,11,Enterprise,Paid,Germany,0,0.0981029974274298,Low,Maintain regular engagement
SP-02176,46,106.56,16,7,2,3.2,0,2,Basic,Paid,Germany,0,0.09733257820337642,Low,Maintain regular engagement
SP-00264,56,151.08,8,1,0,4.1,0,6,Basic,Partner,Germany,1,0.097034914970125,Low,Maintain regular engagement
SP-00094,24,78.34,9,10,1,4.9,0,10,Professional,Partner,Portugal,0,0.09596383213809277,Low,Maintain regular engagement
SP-01557,54,108.63,14,5,1,4.1,0,12,Basic,Paid,United Kingdom,0,0.09594059646940441,Low,Maintain regular engagement
SP-00396,53,132.38,6,3,0,4.7,2,9,Enterprise,Paid,United Kingdom,0,0.0956467761281569,Low,Offer billing support or flexible payment plan
SP-02388,59,176.31,14,6,1,4.2,2,9,Basic,Partner,Germany,0,0.0952914129372832,Low,Offer billing support or flexible payment plan
SP-00135,48,164.12,12,8,3,4.2,0,6,Basic,Referral,Portugal,0,0.09501820773047519,Low,Escalate unresolved service issues
SP-01457,60,64.16,11,3,0,4.5,0,14,Professional,Referral,Portugal,0,0.09444569180901474,Low,Maintain regular engagement
SP-02390,53,88.97,13,6,1,2.9,0,3,Enterprise,Referral,United Kingdom,0,0.09438250392646752,Low,Maintain regular engagement
SP-01141,53,87.82,7,4,2,5.0,0,2,Basic,Referral,United Kingdom,0,0.09420768123695059,Low,Maintain regular engagement
SP-00464,26,230.88,5,7,0,4.1,1,3,Basic,Paid,Germany,0,0.09383657122864673,Low,Maintain regular engagement
SP-01422,60,121.07,6,2,0,4.3,1,4,Professional,Paid,United Kingdom,0,0.09372768847370078,Low,Maintain regular engagement
SP-01587,50,43.59,11,6,2,5.0,0,8,Professional,Organic,Germany,0,0.09363081564056834,Low,Maintain regular engagement
SP-01519,30,51.98,9,3,0,5.0,1,6,Enterprise,Organic,United Kingdom,0,0.09333426135315837,Low,Maintain regular engagement
SP-00146,52,64.75,10,7,2,4.2,0,9,Enterprise,Paid,United Kingdom,0,0.09332827715052992,Low,Maintain regular engagement
SP-01617,48,119.13,10,4,0,3.6,0,3,Basic,Organic,Germany,0,0.0931259306228071,Low,Maintain regular engagement
SP-02102,41,64.34,12,4,0,5.0,2,6,Basic,Organic,Portugal,0,0.09286622978152499,Low,Offer billing support or flexible payment plan
SP-01974,21,65.99,12,3,0,4.8,0,7,Professional,Paid,Germany,0,0.09248249616622126,Low,Maintain regular engagement
SP-00452,56,92.49,8,2,0,4.6,1,5,Basic,Paid,United Kingdom,0,0.09169645656585855,Low,Maintain regular engagement
SP-00885,49,77.9,13,4,0,4.8,0,15,Basic,Organic,United Kingdom,0,0.09159202021044745,Low,Maintain regular engagement
SP-01370,39,141.92,8,6,0,3.9,1,8,Enterprise,Organic,Portugal,0,0.09157432297821873,Low,Maintain regular engagement
SP-01856,52,85.52,11,7,0,3.3,0,3,Basic,Partner,United Kingdom,0,0.09143515418930549,Low,Maintain regular engagement
SP-02024,36,97.18,10,4,0,4.1,0,2,Basic,Partner,Germany,0,0.09098563785997368,Low,Maintain regular engagement
SP-01857,23,188.94,6,0,0,4.7,0,1,Basic,Paid,United Kingdom,0,0.0908129698769875,Low,Maintain regular engagement
SP-00861,59,25.69,16,4,0,3.4,0,6,Professional,Referral,Germany,0,0.09040629538483687,Low,Maintain regular engagement
SP-02500,56,164.62,4,9,1,3.9,1,2,Basic,Organic,Portugal,0,0.08971689976722819,Low,Maintain regular engagement
SP-00446,40,146.89,11,1,1,4.1,0,5,Enterprise,Organic,United Kingdom,0,0.08943144008406732,Low,Maintain regular engagement
SP-02007,27,50.45,7,4,0,4.4,0,2,Enterprise,Partner,Germany,0,0.08888010561042863,Low,Maintain regular engagement
SP-01003,34,126.42,12,7,1,4.4,0,7,Basic,Organic,United Kingdom,0,0.08887983927421286,Low,Maintain regular engagement
SP-00893,32,204.0,7,4,1,4.3,0,2,Basic,Paid,United Kingdom,0,0.0884819383591182,Low,Maintain regular engagement
SP-00300,2,84.35,11,4,0,5.0,0,4,Basic,Paid,Portugal,0,0.08751363227467412,Low,Maintain regular engagement
SP-00174,44,51.39,13,3,2,5.0,0,5,Basic,Paid,Germany,0,0.08741726306589771,Low,Maintain regular engagement
SP-01224,40,113.28,5,3,0,4.2,0,2,Professional,Paid,Portugal,0,0.08650014703865667,Low,Maintain regular engagement
SP-00555,60,31.89,9,5,0,4.7,1,7,Professional,Partner,Germany,0,0.08638576199112762,Low,Maintain regular engagement
SP-00708,35,83.11,9,4,2,5.0,0,6,Enterprise,Referral,Portugal,0,0.08617477296792601,Low,Maintain regular engagement
SP-01146,29,76.73,8,2,0,4.6,0,4,Enterprise,Referral,Germany,0,0.08586529689987084,Low,Maintain regular engagement
SP-01583,31,79.85,12,3,0,4.9,0,9,Basic,Paid,United Kingdom,0,0.08572776991504988,Low,Maintain regular engagement
SP-01451,18,150.6,8,6,0,5.0,1,10,Enterprise,Organic,Germany,0,0.0853503510339565,Low,Maintain regular engagement
SP-01733,42,56.23,13,2,0,5.0,1,12,Enterprise,Organic,United Kingdom,0,0.08529213104872767,Low,Maintain regular engagement
SP-02359,38,164.84,8,4,1,5.0,1,9,Enterprise,Organic,United Kingdom,0,0.0849130232701922,Low,Maintain regular engagement
SP-01998,60,93.02,5,2,1,5.0,0,4,Professional,Organic,United Kingdom,0,0.0834385962465773,Low,Maintain regular engagement
SP-00272,2,199.67,16,6,3,5.0,0,7,Enterprise,Referral,Germany,0,0.0833010982226925,Low,Escalate unresolved service issues
SP-01200,38,150.57,8,7,1,4.4,0,6,Basic,Organic,Portugal,0,0.08311206297581217,Low,Maintain regular engagement
SP-02322,3,52.25,11,8,1,5.0,0,2,Basic,Paid,Portugal,0,0.0828385969485159,Low,Maintain regular engagement
SP-00511,60,57.29,7,6,0,4.6,0,9,Basic,Organic,United Kingdom,0,0.08240205278900699,Low,Maintain regular engagement
SP-02166,56,117.48,13,6,2,4.9,0,20,Enterprise,Referral,Portugal,0,0.08230079683541902,Low,Maintain regular engagement
SP-00754,57,140.97,11,3,0,2.8,0,5,Enterprise,Paid,United Kingdom,0,0.08123739258729962,Low,Maintain regular engagement
SP-01716,53,99.28,3,0,1,5.0,0,2,Enterprise,Organic,United Kingdom,0,0.07885322860872286,Low,Maintain regular engagement
SP-02179,38,82.32,12,5,1,4.9,1,3,Basic,Referral,Portugal,0,0.07834292788552033,Low,Maintain regular engagement
SP-02336,33,133.09,8,5,2,4.8,0,5,Enterprise,Referral,Portugal,0,0.07805135862960985,Low,Maintain regular engagement
SP-02353,43,118.25,17,2,1,4.2,0,11,Enterprise,Partner,United Kingdom,0,0.07781680794284228,Low,Maintain regular engagement
SP-00967,37,80.65,8,5,0,4.8,0,7,Professional,Partner,Portugal,0,0.07744853577735797,Low,Maintain regular engagement
SP-02252,34,170.41,7,4,0,4.7,0,5,Basic,Referral,Germany,0,0.07644863114959777,Low,Maintain regular engagement
SP-01564,56,171.96,7,4,0,4.4,0,9,Basic,Partner,Germany,0,0.07612928326107006,Low,Maintain regular engagement
SP-00570,35,90.05,12,3,0,4.9,0,10,Professional,Paid,United Kingdom,0,0.07596039260760615,Low,Maintain regular engagement
SP-01650,51,130.53,7,4,1,5.0,2,4,Enterprise,Organic,Germany,0,0.07481577251842546,Low,Offer billing support or flexible payment plan
SP-01486,52,97.21,4,5,1,4.8,0,2,Basic,Organic,Portugal,0,0.07464480063234463,Low,Maintain regular engagement
SP-02089,19,170.61,11,3,1,4.7,0,5,Enterprise,Partner,United Kingdom,0,0.07433376611576425,Low,Maintain regular engagement
SP-02387,58,157.69,7,8,0,4.3,0,13,Basic,Organic,Germany,0,0.07427999861883866,Low,Maintain regular engagement
SP-02058,45,153.01,10,4,1,4.4,0,6,Professional,Organic,Portugal,0,0.07343349391581776,Low,Maintain regular engagement
SP-02362,46,159.39,7,5,0,4.3,2,5,Enterprise,Paid,Germany,0,0.07342795871292886,Low,Offer billing support or flexible payment plan
SP-01349,45,212.06,5,2,0,4.3,0,3,Professional,Organic,Germany,0,0.07281094913590642,Low,Maintain regular engagement
SP-00833,28,99.59,13,2,0,4.5,0,2,Professional,Organic,United Kingdom,0,0.07231721069755856,Low,Maintain regular engagement
SP-00482,50,189.91,9,0,0,4.2,1,0,Basic,Partner,Portugal,0,0.07230699436162326,Low,Maintain regular engagement
SP-00671,58,72.0,13,4,1,4.2,0,4,Basic,Organic,Germany,0,0.07199902303493899,Low,Maintain regular engagement
SP-00067,55,67.57,7,3,1,5.0,0,2,Basic,Organic,Germany,0,0.07186768269322297,Low,Maintain regular engagement
SP-00862,56,148.02,13,4,0,4.1,0,11,Basic,Partner,Germany,0,0.07171648295040312,Low,Maintain regular engagement
SP-01495,25,58.82,10,3,1,5.0,0,4,Enterprise,Organic,Portugal,0,0.0715039438852716,Low,Maintain regular engagement
SP-02091,54,96.05,7,5,0,4.0,0,2,Basic,Partner,Portugal,0,0.0713548925905414,Low,Maintain regular engagement
SP-00428,49,105.12,6,6,0,4.5,0,7,Professional,Paid,United Kingdom,0,0.07122824946467958,Low,Maintain regular engagement
SP-02123,35,52.79,9,2,0,4.7,0,6,Enterprise,Paid,Germany,0,0.07007062975413565,Low,Maintain regular engagement
SP-02198,52,152.45,17,4,1,4.5,0,14,Basic,Organic,Germany,0,0.06959509799612698,Low,Maintain regular engagement
SP-01305,37,70.65,10,4,0,4.1,0,3,Enterprise,Referral,Germany,0,0.06927735683469793,Low,Maintain regular engagement
SP-00553,50,133.26,6,7,1,5.0,0,11,Basic,Paid,Portugal,0,0.06910773926907261,Low,Maintain regular engagement
SP-00652,40,106.16,12,6,2,4.8,0,1,Basic,Referral,United Kingdom,0,0.06882693078695301,Low,Maintain regular engagement
SP-01441,47,70.12,15,3,2,4.7,1,4,Enterprise,Referral,Portugal,0,0.06843614663806326,Low,Maintain regular engagement
SP-01195,32,215.36,12,2,0,4.1,0,3,Basic,Organic,United Kingdom,0,0.06775308664250024,Low,Maintain regular engagement
SP-01548,51,162.46,9,4,0,4.6,1,6,Basic,Referral,Portugal,0,0.06589988387066724,Low,Maintain regular engagement
SP-00093,51,173.52,7,2,0,4.2,0,2,Professional,Partner,Germany,0,0.06582337356424715,Low,Maintain regular engagement
SP-00733,56,101.94,6,9,0,3.7,0,2,Professional,Referral,Germany,0,0.06555334835218414,Low,Maintain regular engagement
SP-02287,55,209.58,19,1,1,4.9,1,15,Professional,Referral,United Kingdom,0,0.06532671285876558,Low,Maintain regular engagement
SP-01742,45,99.02,10,11,0,5.0,0,18,Professional,Referral,Germany,0,0.0648856159023076,Low,Maintain regular engagement
SP-01163,51,141.87,6,8,0,4.5,0,9,Professional,Referral,Germany,0,0.06484354164983418,Low,Maintain regular engagement
SP-01231,50,52.46,11,5,0,4.6,0,8,Basic,Paid,Germany,0,0.06459129417793887,Low,Maintain regular engagement
SP-01962,60,160.66,9,3,3,4.9,0,6,Enterprise,Organic,Germany,0,0.06450598137697282,Low,Escalate unresolved service issues
SP-01254,48,87.49,7,4,0,4.8,0,6,Professional,Organic,Portugal,0,0.06437743012922767,Low,Maintain regular engagement
SP-01080,51,75.95,8,5,0,4.2,0,8,Enterprise,Partner,Portugal,0,0.06433577273216823,Low,Maintain regular engagement
SP-01036,45,141.74,14,3,0,4.4,1,6,Basic,Paid,Germany,0,0.06279098813829782,Low,Maintain regular engagement
SP-01709,15,181.53,12,5,0,4.9,0,15,Enterprise,Paid,Germany,1,0.06224001680224823,Low,Maintain regular engagement
SP-00763,57,146.41,10,2,0,4.6,1,3,Basic,Organic,United Kingdom,0,0.0614195468428674,Low,Maintain regular engagement
SP-02429,46,61.76,8,10,0,3.4,0,2,Enterprise,Organic,United Kingdom,1,0.06129781464177797,Low,Maintain regular engagement
SP-01734,52,72.66,12,5,0,4.9,2,4,Basic,Paid,Germany,0,0.060538313464788135,Low,Offer billing support or flexible payment plan
SP-00051,46,117.14,12,4,1,5.0,0,6,Basic,Partner,Germany,0,0.059045523600349294,Low,Maintain regular engagement
SP-01012,48,105.76,6,6,0,4.2,0,4,Enterprise,Referral,United Kingdom,0,0.05856937150400734,Low,Maintain regular engagement
SP-02246,50,93.12,11,3,1,5.0,1,7,Enterprise,Paid,United Kingdom,0,0.058436763200173644,Low,Maintain regular engagement
SP-00842,40,87.42,14,6,1,3.7,0,3,Enterprise,Paid,United Kingdom,0,0.0580542260557148,Low,Maintain regular engagement
SP-02476,26,162.3,10,6,1,4.7,0,2,Professional,Paid,United Kingdom,0,0.05657584051869135,Low,Maintain regular engagement
SP-00949,57,137.1,10,4,0,3.9,0,3,Basic,Referral,Portugal,0,0.05637156897419129,Low,Maintain regular engagement
SP-02208,51,109.49,11,4,0,5.0,1,11,Enterprise,Referral,United Kingdom,0,0.05579319480351529,Low,Maintain regular engagement
SP-02010,38,47.22,11,9,0,4.3,0,5,Professional,Paid,Germany,0,0.05526318289728488,Low,Maintain regular engagement
SP-00605,50,188.98,10,1,1,5.0,0,10,Enterprise,Referral,Germany,0,0.053001174218122483,Low,Maintain regular engagement
SP-00208,59,59.14,10,4,0,4.9,0,6,Basic,Referral,Germany,0,0.052657399847670615,Low,Maintain regular engagement
SP-00061,56,53.07,4,2,0,5.0,0,6,Enterprise,Paid,Portugal,0,0.05056873049356315,Low,Maintain regular engagement
SP-01611,47,54.77,12,3,0,4.1,0,4,Enterprise,Paid,Germany,0,0.050318809670155264,Low,Maintain regular engagement
SP-02036,51,104.81,5,4,0,4.8,0,3,Professional,Paid,Portugal,0,0.04778250791295479,Low,Maintain regular engagement
SP-00223,43,207.88,8,6,0,4.8,0,7,Professional,Organic,United Kingdom,0,0.04242978009352865,Low,Maintain regular engagement
SP-01533,56,134.16,12,5,0,4.8,0,9,Basic,Organic,United Kingdom,0,0.042154395747851486,Low,Maintain regular engagement
SP-00729,30,148.8,12,6,0,4.4,0,1,Basic,Partner,Portugal,0,0.04175252749403706,Low,Maintain regular engagement
SP-00437,35,81.28,13,5,0,4.8,0,7,Enterprise,Paid,United Kingdom,0,0.03639428668556397,Low,Maintain regular engagement
SP-02372,50,105.05,12,7,0,4.6,0,4,Basic,Referral,Portugal,0,0.03280304283785572,Low,Maintain regular engagement
SP-02040,27,114.24,12,6,0,5.0,1,3,Enterprise,Paid,Portugal,0,0.029082966362271243,Low,Maintain regular engagement
SP-02305,55,200.01,9,1,0,5.0,0,7,Enterprise,Paid,Portugal,0,0.021931015172473606,Low,Maintain regular engagement
